1879,6/22/2022,15:21:23,Cambio de referencia remota a 0 Hz
1878,6/22/2022,15:21:16,Parada remota CILA2S fallida
1877,6/22/2022,15:21:15,Parada remota CILA2S fallida
1876,6/22/2022,15:21:14,Stop_ESD
1875,6/20/2022,10:10:29,Arranque remoto CILA2S fallido
1874,6/20/2022,10:10:29,Arranque remoto CILA2S fallido
1873,6/20/2022,10:10:29,Start
1872,6/20/2022,10:10:19,Parada remota CILA2S fallida
1871,6/20/2022,10:10:19,Parada remota CILA2S fallida
1870,6/20/2022,10:10:19,Stop
1869,6/20/2022,10:8:48,Arranque remoto CILA2S fallido
1868,6/20/2022,10:8:47,Arranque remoto CILA2S fallido
1867,6/20/2022,10:8:46,Arranque remoto CILA2S fallido
1866,6/20/2022,10:8:46,Start
1865,6/20/2022,10:8:45,Arranque remoto CILA2S fallido
1864,6/20/2022,9:52:48,Parada remota CILA2S fallida
1863,6/20/2022,9:52:45,Parada remota CILA2S fallida
1862,6/20/2022,9:52:44,Parada remota CILA2S fallida
1861,6/20/2022,9:52:44,Parada remota CILA2S fallida
1860,6/20/2022,9:52:43,Stop
1859,6/20/2022,9:52:21,Modo de control: Remoto
1858,6/20/2022,9:52:8,Arranque local CILA2S fallido
1857,6/20/2022,9:52:5,Arranque local CILA2S fallido
1856,6/20/2022,9:52:5,Cambio de velocidad fallido!
1855,6/20/2022,9:52:4,Arranque local CILA2S fallido
1854,6/20/2022,9:52:1,Cambio de velocidad fallido!
1853,6/20/2022,9:51:52,Modo de control: Local
1852,6/20/2022,9:51:45,Admin Loged
1851,6/20/2022,9:46:21,Parada remota CILA2S fallida
1850,6/20/2022,9:46:21,Parada remota CILA2S fallida
1849,6/20/2022,9:46:20,Stop
1848,6/20/2022,9:44:35,Arranque remoto CILA2S fallido
1847,6/20/2022,9:44:33,Arranque remoto CILA2S fallido
1846,6/20/2022,9:44:33,Arranque remoto CILA2S fallido
1845,6/20/2022,9:44:32,Start
1844,6/20/2022,9:42:35,Arranque remoto CILA2S fallido
1843,6/20/2022,9:42:34,Arranque remoto CILA2S fallido
1842,6/20/2022,9:42:34,Arranque remoto CILA2S fallido
1841,6/20/2022,9:42:32,Start
1840,6/20/2022,9:41:39,Arranque remoto CILA2S fallido
1839,6/20/2022,9:41:38,Arranque remoto CILA2S fallido
1838,6/20/2022,9:41:38,Arranque remoto CILA2S fallido
1837,6/20/2022,9:41:37,Start
1836,6/20/2022,9:39:40,Stop
1835,6/20/2022,9:39:38,Parada remota CILA2S fallida
1834,6/20/2022,9:39:37,Parada remota CILA2S fallida
1833,6/20/2022,9:39:36,Parada remota CILA2S fallida
1832,6/20/2022,9:39:35,Stop
1831,6/20/2022,9:39:29,Parada remota CILA2S fallida
1830,6/20/2022,9:39:29,Parada remota CILA2S fallida
1829,6/20/2022,9:39:28,Stop
1828,6/20/2022,9:39:28,Parada remota CILA2S fallida
1827,6/20/2022,9:39:9,Parada remota CILA2S fallida
1826,6/20/2022,9:39:9,Parada remota CILA2S fallida
1825,6/20/2022,9:39:8,Stop
1824,6/20/2022,9:39:8,Parada remota CILA2S fallida
1823,6/20/2022,9:36:48,Arranque remoto CILA2S fallido
1822,6/20/2022,9:36:48,Arranque remoto CILA2S fallido
1821,6/20/2022,9:36:48,Arranque remoto CILA2S fallido
1820,6/20/2022,9:36:47,Start
1819,6/20/2022,9:36:8,Arranque remoto CILA2S fallido
1818,6/20/2022,9:36:6,Arranque remoto CILA2S fallido
1817,6/20/2022,9:36:6,Arranque remoto CILA2S fallido
1816,6/20/2022,9:36:5,Arranque remoto CILA2S fallido
1815,6/20/2022,9:36:5,Start
1814,6/20/2022,9:35:51,Arranque remoto CILA2S fallido
1813,6/20/2022,9:35:51,Arranque remoto CILA2S fallido
1812,6/20/2022,9:35:50,Start
1811,6/20/2022,9:35:45,Arranque remoto CILA2S fallido
1810,6/20/2022,9:35:43,Arranque remoto CILA2S fallido
1809,6/20/2022,9:35:43,Arranque remoto CILA2S fallido
1808,6/20/2022,9:35:42,Start
1807,6/20/2022,9:31:52,Start
1806,6/20/2022,9:31:48,Arranque remoto CILA2S fallido
1805,6/20/2022,9:31:48,Arranque remoto CILA2S fallido
1804,6/20/2022,9:31:48,Arranque remoto CILA2S fallido
1803,6/20/2022,9:31:47,Start
1802,6/20/2022,9:28:35,Arranque remoto CILA2S fallido
1801,6/20/2022,9:28:35,Arranque remoto CILA2S fallido
1800,6/20/2022,9:28:33,Arranque remoto CILA2S fallido
1799,6/20/2022,9:28:32,Start
1798,6/20/2022,9:28:27,Arranque remoto CILA2S fallido
1797,6/20/2022,9:28:25,Arranque remoto CILA2S fallido
1796,6/20/2022,9:28:25,Arranque remoto CILA2S fallido
1795,6/20/2022,9:28:24,Arranque remoto CILA2S fallido
1794,6/20/2022,9:28:22,Start
1793,6/20/2022,9:28:15,Arranque remoto CILA2S fallido
1792,6/20/2022,9:28:13,Arranque remoto CILA2S fallido
1791,6/20/2022,9:28:13,Arranque remoto CILA2S fallido
1790,6/20/2022,9:28:11,Start
1789,6/20/2022,9:27:57,Modo de control: Remoto
1788,6/20/2022,9:27:36,Arranque remoto CILA2S fallido
1787,6/20/2022,9:27:36,Arranque remoto CILA2S fallido
1786,6/20/2022,9:27:36,Arranque remoto CILA2S fallido
1785,6/20/2022,9:27:34,Start
1784,6/20/2022,9:27:13,Arranque remoto CILA2S fallido
1783,6/20/2022,9:27:12,Arranque remoto CILA2S fallido
1782,6/20/2022,9:27:11,Arranque remoto CILA2S fallido
1781,6/20/2022,9:27:10,Start
1780,6/20/2022,9:26:36,Arranque remoto CILA2S fallido
1779,6/20/2022,9:26:35,Arranque remoto CILA2S fallido
1778,6/20/2022,9:26:35,Arranque remoto CILA2S fallido
1777,6/20/2022,9:26:33,Start
1776,6/20/2022,9:26:25,Arranque remoto CILA2S fallido
1775,6/20/2022,9:26:23,Arranque remoto CILA2S fallido
1774,6/20/2022,9:26:23,Arranque remoto CILA2S fallido
1773,6/20/2022,9:26:23,Arranque remoto CILA2S fallido
1772,6/20/2022,9:26:21,Start
1771,6/20/2022,9:25:51,Arranque remoto CILA2S fallido
1770,6/20/2022,9:25:51,Arranque remoto CILA2S fallido
1769,6/20/2022,9:25:50,Arranque remoto CILA2S fallido
1768,6/20/2022,9:25:48,Start
1767,6/20/2022,9:25:44,Arranque remoto CILA2S fallido
1766,6/20/2022,9:25:41,Arranque remoto CILA2S fallido
1765,6/20/2022,9:25:41,Arranque remoto CILA2S fallido
1764,6/20/2022,9:25:41,Arranque remoto CILA2S fallido
1763,6/20/2022,9:25:39,Start
1762,6/20/2022,9:25:15,Arranque remoto CILA2S fallido
1761,6/20/2022,9:25:14,Arranque remoto CILA2S fallido
1760,6/20/2022,9:25:13,Start
1759,6/20/2022,9:25:0,Arranque remoto CILA2S fallido
1758,6/20/2022,9:24:59,Arranque remoto CILA2S fallido
1757,6/20/2022,9:24:58,Arranque remoto CILA2S fallido
1756,6/20/2022,9:24:57,Start
1755,6/20/2022,9:24:53,Arranque remoto CILA2S fallido
1754,6/20/2022,9:24:53,Arranque remoto CILA2S fallido
1753,6/20/2022,9:24:52,Arranque remoto CILA2S fallido
1752,6/20/2022,9:24:52,Start
1751,6/20/2022,9:24:36,Arranque remoto CILA2S fallido
1750,6/20/2022,9:24:35,Arranque remoto CILA2S fallido
1749,6/20/2022,9:24:34,Start
1748,6/20/2022,9:24:20,Arranque remoto CILA2S fallido
1747,6/20/2022,9:24:17,Arranque remoto CILA2S fallido
1746,6/20/2022,9:24:16,Arranque remoto CILA2S fallido
1745,6/20/2022,9:24:15,Start
1744,6/20/2022,9:23:54,Arranque remoto CILA2S fallido
1743,6/20/2022,9:23:54,Arranque remoto CILA2S fallido
1742,6/20/2022,9:23:53,Start
1741,6/20/2022,9:23:44,Arranque remoto CILA2S fallido
1740,6/20/2022,9:23:44,Arranque remoto CILA2S fallido
1739,6/20/2022,9:23:43,Start
1738,6/20/2022,9:23:11,Arranque remoto CILA2S fallido
1737,6/20/2022,9:23:10,Arranque remoto CILA2S fallido
1736,6/20/2022,9:23:10,Arranque remoto CILA2S fallido
1735,6/20/2022,9:23:9,Start
1734,6/20/2022,9:22:59,Modo de control: Remoto
1733,6/20/2022,9:22:55,Arranque local CILA2S fallido
1732,6/20/2022,9:22:51,Cambio de velocidad fallido!
1731,6/20/2022,9:22:50,Cambio de velocidad fallido!
1730,6/20/2022,9:22:41,Cambio de velocidad fallido!
1729,6/20/2022,9:22:38,Cambio de velocidad fallido!
1728,6/20/2022,9:22:38,Cambio de velocidad fallido!
1727,6/20/2022,9:22:31,Arranque local CILA2S fallido
1726,6/20/2022,9:22:29,Arranque local CILA2S fallido
1725,6/20/2022,9:22:28,Arranque local CILA2S fallido
1724,6/20/2022,9:22:22,Cambio de velocidad fallido!
1723,6/20/2022,9:22:8,Modo de control: Local
1722,6/20/2022,9:22:1,Admin Loged
1721,6/20/2022,9:21:20,Cambio de referencia remota a 0 Hz
1720,6/20/2022,9:21:18,Parada remota CILA2S fallida
1719,6/20/2022,9:21:15,Parada remota CILA2S fallida
1718,6/20/2022,9:21:15,Parada remota CILA2S fallida
1717,6/20/2022,9:21:14,Stop_ESD
1716,6/20/2022,9:18:11,Arranque remoto CILA2S fallido
1715,6/20/2022,9:18:11,Arranque remoto CILA2S fallido
1714,6/20/2022,9:18:11,Start
1713,6/20/2022,9:18:7,Arranque remoto CILA2S fallido
1712,6/20/2022,9:18:4,Arranque remoto CILA2S fallido
1711,6/20/2022,9:18:4,Arranque remoto CILA2S fallido
1710,6/20/2022,9:18:3,Start
1709,6/20/2022,9:17:39,Arranque remoto CILA2S fallido
1708,6/20/2022,9:17:39,Arranque remoto CILA2S fallido
1707,6/20/2022,9:17:39,Arranque remoto CILA2S fallido
1706,6/20/2022,9:17:37,Start
1705,6/20/2022,9:17:35,Modo de control: Remoto
1704,6/20/2022,9:17:30,Cambio de velocidad fallido!
1703,6/20/2022,9:16:16,Modo de control: Local
1702,6/20/2022,9:16:1,Arranque remoto CILA2S fallido
1701,6/20/2022,9:16:1,Arranque remoto CILA2S fallido
1700,6/20/2022,9:16:0,Start
1699,6/20/2022,9:15:56,Modo de control: Remoto
1698,6/20/2022,9:14:39,Arranque local CILA2S fallido
1697,6/20/2022,9:14:38,Arranque local CILA2S fallido
1696,6/20/2022,9:13:43,Modo de control: Local
1695,6/20/2022,9:13:19,Arranque remoto CILA2S fallido
1694,6/20/2022,9:13:19,Arranque remoto CILA2S fallido
1693,6/20/2022,9:13:18,Arranque remoto CILA2S fallido
1692,6/20/2022,9:13:18,Start
1691,6/20/2022,9:13:15,Modo de control: Remoto
1690,6/20/2022,9:11:35,Stop_ESD
1689,6/20/2022,9:11:19,Arranque local CILA2S fallido
1688,6/20/2022,9:11:18,Arranque local CILA2S fallido
1687,6/20/2022,9:11:8,Cambio de velocidad fallido!
1686,6/20/2022,9:11:7,Cambio de velocidad fallido!
1685,6/20/2022,9:10:53,Admin Loged
1684,6/20/2022,9:10:33,Parada local CILA2S fallida
1683,6/20/2022,9:10:32,Parada local CILA2S fallida
1682,6/20/2022,9:10:26,Modo de control: Local
1681,6/20/2022,9:10:15,Arranque remoto CILA2S fallido
1680,6/20/2022,9:10:12,Arranque remoto CILA2S fallido
1679,6/20/2022,9:10:11,Arranque remoto CILA2S fallido
1678,6/20/2022,9:10:9,Start
1677,6/20/2022,9:10:0,Arranque remoto CILA2S fallido
1676,6/20/2022,9:9:59,Arranque remoto CILA2S fallido
1675,6/20/2022,9:9:58,Start
1674,6/20/2022,9:7:23,Modo de control: Remoto
1673,6/20/2022,9:7:6,Parada local CILA2S fallida
1672,6/20/2022,9:5:10,Modo de control: Local
1671,6/20/2022,9:3:42,Cambio de referencia remota a 0 Hz
1670,6/20/2022,9:3:41,Parada remota CILA2S fallida
1669,6/20/2022,9:3:37,Parada remota CILA2S fallida
1668,6/20/2022,9:3:37,Parada remota CILA2S fallida
1667,6/20/2022,9:3:36,Stop_ESD
1666,6/20/2022,8:59:56,Arranque remoto CILA2S fallido
1665,6/20/2022,8:59:54,Arranque remoto CILA2S fallido
1664,6/20/2022,8:59:54,Arranque remoto CILA2S fallido
1663,6/20/2022,8:59:54,Arranque remoto CILA2S fallido
1662,6/20/2022,8:59:52,Start
1661,6/20/2022,8:59:49,Arranque remoto CILA2S fallido
1660,6/20/2022,8:59:48,Arranque remoto CILA2S fallido
1659,6/20/2022,8:59:47,Start
1658,6/20/2022,8:57:4,Arranque remoto CILA2S fallido
1657,6/20/2022,8:57:0,Arranque remoto CILA2S fallido
1656,6/20/2022,8:57:0,Arranque remoto CILA2S fallido
1655,6/20/2022,8:57:0,Start
1654,6/20/2022,8:56:54,Arranque remoto CILA2S fallido
1653,6/20/2022,8:56:51,Arranque remoto CILA2S fallido
1652,6/20/2022,8:56:51,Arranque remoto CILA2S fallido
1651,6/20/2022,8:56:50,Start
1650,6/20/2022,8:55:9,Parada local CILA2S fallida
1649,6/20/2022,8:54:56,Arranque remoto CILA2S fallido
1648,6/20/2022,8:54:56,Arranque remoto CILA2S fallido
1647,6/20/2022,8:54:56,Arranque remoto CILA2S fallido
1646,6/20/2022,8:54:55,Start
1645,6/20/2022,8:54:39,Arranque remoto CILA2S fallido
1644,6/20/2022,8:54:38,Arranque remoto CILA2S fallido
1643,6/20/2022,8:54:36,Arranque remoto CILA2S fallido
1642,6/20/2022,8:54:36,Start
1641,6/20/2022,8:54:32,Modo de control: Remoto
1640,6/20/2022,8:54:14,Arranque local CILA2S fallido
1639,6/20/2022,8:54:11,Arranque local CILA2S fallido
1638,6/20/2022,8:54:2,Cambio de velocidad fallido!
1637,6/20/2022,8:53:58,Cambio de velocidad fallido!
1636,6/20/2022,8:52:56,Arranque local CILA2S fallido
1635,6/20/2022,8:52:56,Arranque local CILA2S fallido
1634,6/20/2022,8:52:49,Cambio de velocidad fallido!
1633,6/20/2022,8:51:46,Cambio de velocidad fallido!
1632,6/20/2022,8:51:46,Cambio de velocidad fallido!
1631,6/20/2022,8:50:19,Modo de control: Local
1630,6/20/2022,8:50:10,Arranque remoto CILA2S fallido
1629,6/20/2022,8:50:10,Arranque remoto CILA2S fallido
1628,6/20/2022,8:50:9,Start
1627,6/20/2022,8:50:6,Arranque remoto CILA2S fallido
1626,6/20/2022,8:50:4,Arranque remoto CILA2S fallido
1625,6/20/2022,8:50:4,Arranque remoto CILA2S fallido
1624,6/20/2022,8:50:4,Arranque remoto CILA2S fallido
1623,6/20/2022,8:50:3,Start
1622,6/20/2022,8:49:59,Arranque remoto CILA2S fallido
1621,6/20/2022,8:49:59,Arranque remoto CILA2S fallido
1620,6/20/2022,8:49:58,Start
1619,6/20/2022,8:49:54,Arranque remoto CILA2S fallido
1618,6/20/2022,8:49:52,Arranque remoto CILA2S fallido
1617,6/20/2022,8:49:52,Arranque remoto CILA2S fallido
1616,6/20/2022,8:49:51,Start
1615,6/20/2022,8:49:30,Arranque remoto CILA2S fallido
1614,6/20/2022,8:49:30,Arranque remoto CILA2S fallido
1613,6/20/2022,8:49:28,Start
1612,6/20/2022,8:49:26,Arranque remoto CILA2S fallido
1611,6/20/2022,8:49:25,Arranque remoto CILA2S fallido
1610,6/20/2022,8:49:25,Arranque remoto CILA2S fallido
1609,6/20/2022,8:49:24,Arranque remoto CILA2S fallido
1608,6/20/2022,8:49:23,Start
1607,6/20/2022,8:49:17,Arranque remoto CILA2S fallido
1606,6/20/2022,8:49:17,Arranque remoto CILA2S fallido
1605,6/20/2022,8:49:16,Start
1604,6/20/2022,8:49:16,Arranque remoto CILA2S fallido
1603,6/20/2022,8:49:6,Arranque remoto CILA2S fallido
1602,6/20/2022,8:49:5,Arranque remoto CILA2S fallido
1601,6/20/2022,8:49:5,Arranque remoto CILA2S fallido
1600,6/20/2022,8:49:4,Arranque remoto CILA2S fallido
1599,6/20/2022,8:49:3,Start
1598,6/20/2022,8:48:46,Arranque remoto CILA2S fallido
1597,6/20/2022,8:48:44,Arranque remoto CILA2S fallido
1596,6/20/2022,8:48:43,Arranque remoto CILA2S fallido
1595,6/20/2022,8:48:42,Arranque remoto CILA2S fallido
1594,6/20/2022,8:48:41,Start
1593,6/20/2022,8:48:38,Arranque remoto CILA2S fallido
1592,6/20/2022,8:48:37,Arranque remoto CILA2S fallido
1591,6/20/2022,8:48:36,Start
1590,6/20/2022,8:46:26,Cambio de referencia remota a 0 Hz
1589,6/20/2022,8:46:24,Modo de control: Remoto
1588,6/20/2022,8:46:16,Admin Loged
1587,6/19/2022,13:9:50,Arranque local CILA2S fallido
1586,6/19/2022,13:9:48,Arranque local CILA2S fallido
1585,6/19/2022,13:9:48,Arranque local CILA2S fallido
1584,6/19/2022,13:9:21,Arranque local CILA2S fallido
1583,6/19/2022,13:9:20,Arranque local CILA2S fallido
1582,6/19/2022,13:9:13,Admin Loged
1581,6/19/2022,13:9:0,Parada local CILA2S fallida
1580,6/19/2022,13:8:57,Parada local CILA2S fallida
1579,6/19/2022,13:8:57,Parada local CILA2S fallida
1578,6/19/2022,13:7:42,Parada remota CILA2S fallida
1577,6/19/2022,13:7:41,Parada remota CILA2S fallida
1576,6/19/2022,13:7:41,Stop_ESD
1575,6/19/2022,13:7:40,Intento de parada remota bloqueada
1574,6/19/2022,13:5:17,Parada remota CILA2S fallida
1573,6/19/2022,13:5:15,Stop_ESD
1572,6/19/2022,13:5:15,Intento de parada remota bloqueada
1571,6/19/2022,11:43:19,Parada remota CILA2S fallida
1570,6/19/2022,11:43:18,Parada remota CILA2S fallida
1569,6/19/2022,11:43:18,Stop_ESD
1568,6/19/2022,11:43:18,Intento de parada remota bloqueada
1567,6/19/2022,11:42:6,Parada local CILA2S fallida
1566,6/19/2022,8:50:26,Modo de control: Local
1565,6/19/2022,8:42:21,Modo de control: Local
1564,6/19/2022,8:42:16,Modo de control: Remoto
1563,6/19/2022,8:42:9,Admin Loged
1562,6/19/2022,8:41:37,Arranque local CILA2S fallido
1561,6/19/2022,8:41:15,Admin Loged
1560,6/19/2022,8:36:53,Modo de control: Local
1559,6/19/2022,8:36:20,Modo de control: Remoto
1558,6/19/2022,8:35:20,Modo de control: Local
1557,6/19/2022,8:34:49,Parada remota CILA2S fallida
1556,6/19/2022,8:34:46,Parada remota CILA2S exitosa
1555,6/19/2022,8:34:46,Parada remota CILA2S exitosa
1554,6/19/2022,8:34:45,Stop
1553,6/19/2022,8:34:42,Falla de C2S: 5
1552,6/19/2022,8:34:0,Modo de control: Remoto
1551,6/19/2022,8:33:46,Parada local CILA2S exitosa
1550,6/19/2022,8:33:32,Arranque local CILA2S exitoso
1549,6/19/2022,8:33:11,Modo de control: Local
1548,6/19/2022,8:29:53,Parada local CILA2S exitosa
1547,6/19/2022,8:29:11,Arranque local CILA2S exitoso
1546,6/19/2022,8:28:25,Arranque local CILA2S exitoso
1545,6/19/2022,8:28:9,Modo de control: Local
1544,6/19/2022,8:27:55,Admin Loged
1543,6/19/2022,8:15:51,Cambio de referencia remota a 40 Hz
1542,6/19/2022,8:15:49,Cambio de referencia remota a 39 Hz
1541,6/19/2022,7:46:11,Cambio de referencia remota a 40 Hz
1540,6/19/2022,7:46:8,Cambio de referencia remota a 39 Hz
1539,6/19/2022,7:8:38,Cambio de referencia remota a 40 Hz
1538,6/19/2022,7:8:35,Cambio de referencia remota a 42 Hz
1537,6/19/2022,6:22:21,Cambio de referencia remota a 40 Hz
1536,6/19/2022,6:22:19,Cambio de referencia remota a 38 Hz
1535,6/19/2022,4:2:21,Cambio de referencia remota a 40 Hz
1534,6/19/2022,4:2:18,Cambio de referencia remota a 39 Hz
1533,6/19/2022,3:24:10,Cambio de referencia remota a 40 Hz
1532,6/19/2022,3:24:7,Cambio de referencia remota a 36 Hz
1531,6/19/2022,3:21:29,Cambio de referencia remota a 40 Hz
1530,6/19/2022,3:21:27,Cambio de referencia remota a 39 Hz
1529,6/19/2022,3:19:52,Cambio de referencia remota a 40 Hz
1528,6/19/2022,3:19:50,Cambio de referencia remota a 43 Hz
1527,6/19/2022,2:20:46,Cambio de referencia remota a 40 Hz
1526,6/19/2022,2:20:43,Cambio de referencia remota a 38 Hz
1525,6/19/2022,1:28:40,Cambio de referencia remota a 40 Hz
1524,6/19/2022,1:28:37,Cambio de referencia remota a 43 Hz
1523,6/19/2022,0:19:20,Cambio de referencia remota a 40 Hz
1522,6/19/2022,0:19:18,Cambio de referencia remota a 37 Hz
1521,6/18/2022,22:55:14,Cambio de referencia remota a 40 Hz
1520,6/18/2022,22:55:11,Cambio de referencia remota a 39 Hz
1519,6/18/2022,22:13:5,Cambio de referencia remota a 40 Hz
1518,6/18/2022,22:13:3,Cambio de referencia remota a 39 Hz
1517,6/18/2022,21:43:57,Cambio de referencia remota a 40 Hz
1516,6/18/2022,21:43:54,Cambio de referencia remota a 39 Hz
1515,6/18/2022,21:33:9,Cambio de referencia remota a 40 Hz
1514,6/18/2022,21:33:7,Cambio de referencia remota a 39 Hz
1513,6/18/2022,21:23:44,Cambio de referencia remota a 40 Hz
1512,6/18/2022,21:23:41,Cambio de referencia remota a 42 Hz
1511,6/18/2022,21:1:38,Cambio de referencia remota a 40 Hz
1510,6/18/2022,21:1:36,Cambio de referencia remota a 42 Hz
1509,6/18/2022,20:51:11,Cambio de referencia remota a 40 Hz
1508,6/18/2022,20:51:8,Cambio de referencia remota a 42 Hz
1507,6/18/2022,19:34:31,Cambio de referencia remota a 40 Hz
1506,6/18/2022,19:34:29,Cambio de referencia remota a 36 Hz
1505,6/18/2022,19:22:36,Cambio de referencia remota a 40 Hz
1504,6/18/2022,19:22:34,Cambio de referencia remota a 39 Hz
1503,6/18/2022,18:3:49,Cambio de referencia remota a 40 Hz
1502,6/18/2022,18:3:47,Cambio de referencia remota a 39 Hz
1501,6/18/2022,17:48:24,Cambio de referencia remota a 40 Hz
1500,6/18/2022,17:48:21,Cambio de referencia remota a 39 Hz
1499,6/18/2022,15:18:33,Cambio de referencia remota a 40 Hz
1498,6/18/2022,15:18:31,Cambio de referencia remota a 43 Hz
1497,6/18/2022,15:14:50,Cambio de referencia remota a 40 Hz
1496,6/18/2022,15:14:48,Cambio de referencia remota a 43 Hz
1495,6/18/2022,15:14:30,Cambio de referencia remota a 40 Hz
1494,6/18/2022,15:14:28,Cambio de referencia remota a 43 Hz
1493,6/18/2022,15:2:48,Cambio de referencia remota a 40 Hz
1492,6/18/2022,15:2:45,Cambio de referencia remota a 39 Hz
1491,6/18/2022,14:35:20,Cambio de referencia remota a 40 Hz
1490,6/18/2022,14:35:17,Cambio de referencia remota a 39 Hz
1489,6/18/2022,13:40:11,Cambio de referencia remota a 40 Hz
1488,6/18/2022,13:40:8,Cambio de referencia remota a 36 Hz
1487,6/18/2022,13:4:52,Cambio de referencia remota a 40 Hz
1486,6/18/2022,13:4:50,Cambio de referencia remota a 39 Hz
1485,6/18/2022,12:51:59,Cambio de referencia remota a 40 Hz
1484,6/18/2022,12:51:57,Cambio de referencia remota a 39 Hz
1483,6/18/2022,12:3:26,Cambio de referencia remota a 40 Hz
1482,6/18/2022,12:3:23,Cambio de referencia remota a 41 Hz
1481,6/18/2022,11:6:20,Cambio de referencia remota a 40 Hz
1480,6/18/2022,11:6:17,Cambio de referencia remota a 39 Hz
1479,6/18/2022,9:16:32,Cambio de referencia remota a 40 Hz
1478,6/18/2022,9:16:30,Cambio de referencia remota a 39 Hz
1477,6/18/2022,9:13:47,Cambio de referencia remota a 40 Hz
1476,6/18/2022,9:13:45,Cambio de referencia remota a 39 Hz
1475,6/18/2022,8:5:50,Cambio de referencia remota a 40 Hz
1474,6/18/2022,8:5:48,Cambio de referencia remota a 39 Hz
1473,6/18/2022,7:49:30,Cambio de referencia remota a 40 Hz
1472,6/18/2022,7:49:27,Cambio de referencia remota a 39 Hz
1471,6/18/2022,7:41:35,Cambio de referencia remota a 40 Hz
1470,6/18/2022,7:41:32,Cambio de referencia remota a 38 Hz
1469,6/18/2022,6:46:39,Cambio de referencia remota a 40 Hz
1468,6/18/2022,6:46:36,Cambio de referencia remota a 44 Hz
1467,6/18/2022,6:13:58,Cambio de referencia remota a 40 Hz
1466,6/18/2022,6:13:55,Cambio de referencia remota a 37 Hz
1465,6/18/2022,6:13:3,Cambio de referencia remota a 40 Hz
1464,6/18/2022,6:13:0,Cambio de referencia remota a 37 Hz
1463,6/18/2022,6:12:30,Cambio de referencia remota a 40 Hz
1462,6/18/2022,6:12:28,Cambio de referencia remota a 39 Hz
1461,6/18/2022,6:10:28,Cambio de referencia remota a 40 Hz
1460,6/18/2022,6:10:25,Cambio de referencia remota a 39 Hz
1459,6/18/2022,6:7:28,Cambio de referencia remota a 40 Hz
1458,6/18/2022,6:7:25,Cambio de referencia remota a 39 Hz
1457,6/18/2022,5:20:47,Cambio de referencia remota a 40 Hz
1456,6/18/2022,5:20:44,Cambio de referencia remota a 37 Hz
1455,6/18/2022,5:11:14,Cambio de referencia remota a 40 Hz
1454,6/18/2022,5:11:11,Cambio de referencia remota a 39 Hz
1453,6/18/2022,1:59:45,Cambio de referencia remota a 40 Hz
1452,6/18/2022,1:59:43,Cambio de referencia remota a 36 Hz
1451,6/18/2022,1:28:30,Cambio de referencia remota a 40 Hz
1450,6/18/2022,1:28:27,Cambio de referencia remota a 41 Hz
1449,6/17/2022,23:39:59,Cambio de referencia remota a 40 Hz
1448,6/17/2022,23:39:57,Cambio de referencia remota a 37 Hz
1447,6/17/2022,23:38:17,Cambio de referencia remota a 40 Hz
1446,6/17/2022,23:38:14,Cambio de referencia remota a 43 Hz
1445,6/17/2022,23:11:31,Cambio de referencia remota a 40 Hz
1444,6/17/2022,23:11:29,Cambio de referencia remota a 39 Hz
1443,6/17/2022,21:19:47,Cambio de referencia remota a 40 Hz
1442,6/17/2022,21:19:45,Cambio de referencia remota a 39 Hz
1441,6/17/2022,20:5:50,Cambio de referencia remota a 40 Hz
1440,6/17/2022,20:5:48,Cambio de referencia remota a 39 Hz
1439,6/17/2022,19:53:15,Cambio de referencia remota a 40 Hz
1438,6/17/2022,19:53:12,Cambio de referencia remota a 39 Hz
1437,6/17/2022,19:43:30,Cambio de referencia remota a 40 Hz
1436,6/17/2022,19:43:27,Cambio de referencia remota a 43 Hz
1435,6/17/2022,19:38:47,Cambio de referencia remota a 40 Hz
1434,6/17/2022,19:38:45,Cambio de referencia remota a 39 Hz
1433,6/17/2022,19:33:15,Cambio de referencia remota a 40 Hz
1432,6/17/2022,19:33:12,Cambio de referencia remota a 39 Hz
1431,6/17/2022,17:15:9,Cambio de referencia remota a 40 Hz
1430,6/17/2022,17:15:6,Cambio de referencia remota a 42 Hz
1429,6/17/2022,17:2:48,Cambio de referencia remota a 40 Hz
1428,6/17/2022,17:2:46,Cambio de referencia remota a 43 Hz
1427,6/17/2022,16:37:33,Cambio de referencia remota a 40 Hz
1426,6/17/2022,16:37:30,Cambio de referencia remota a 39 Hz
1425,6/17/2022,15:47:34,Cambio de referencia remota a 40 Hz
1424,6/17/2022,15:47:31,Cambio de referencia remota a 39 Hz
1423,6/17/2022,15:31:16,Cambio de referencia remota a 40 Hz
1422,6/17/2022,15:31:13,Cambio de referencia remota a 41 Hz
1421,6/17/2022,15:30:56,Cambio de referencia remota a 40 Hz
1420,6/17/2022,15:30:54,Cambio de referencia remota a 42 Hz
1419,6/17/2022,15:19:11,Cambio de referencia remota a 40 Hz
1418,6/17/2022,15:19:8,Cambio de referencia remota a 44 Hz
1417,6/17/2022,15:5:26,Cambio de referencia remota a 40 Hz
1416,6/17/2022,15:5:23,Cambio de referencia remota a 44 Hz
1415,6/17/2022,11:15:25,Cambio de referencia remota a 40 Hz
1414,6/17/2022,11:15:22,Cambio de referencia remota a 39 Hz
1413,6/17/2022,11:9:52,Cambio de referencia remota a 40 Hz
1412,6/17/2022,11:9:50,Cambio de referencia remota a 39 Hz
1411,6/17/2022,11:5:17,Cambio de referencia remota a 40 Hz
1410,6/17/2022,11:5:15,Cambio de referencia remota a 39 Hz
1409,6/17/2022,11:0:37,Cambio de referencia remota a 40 Hz
1408,6/17/2022,11:0:35,Cambio de referencia remota a 43 Hz
1407,6/17/2022,9:28:35,Cambio de referencia remota a 40 Hz
1406,6/17/2022,9:28:32,Cambio de referencia remota a 39 Hz
1405,6/17/2022,8:50:59,Cambio de referencia remota a 40 Hz
1404,6/17/2022,8:50:57,Cambio de referencia remota a 39 Hz
1403,6/17/2022,8:43:32,Cambio de referencia remota a 40 Hz
1402,6/17/2022,8:43:29,Cambio de referencia remota a 39 Hz
1401,6/17/2022,8:33:51,Cambio de referencia remota a 40 Hz
1400,6/17/2022,8:33:49,Cambio de referencia remota a 39 Hz
1399,6/17/2022,7:50:53,Cambio de referencia remota a 40 Hz
1398,6/17/2022,7:50:50,Cambio de referencia remota a 39 Hz
1397,6/17/2022,7:41:45,Cambio de referencia remota a 40 Hz
1396,6/17/2022,7:41:42,Cambio de referencia remota a 39 Hz
1395,6/17/2022,6:9:33,Cambio de referencia remota a 40 Hz
1394,6/17/2022,6:9:31,Cambio de referencia remota a 39 Hz
1393,6/17/2022,5:19:22,Cambio de referencia remota a 40 Hz
1392,6/17/2022,5:19:20,Cambio de referencia remota a 41 Hz
1391,6/17/2022,4:35:46,Cambio de referencia remota a 40 Hz
1390,6/17/2022,4:35:44,Cambio de referencia remota a 36 Hz
1389,6/17/2022,4:20:6,Cambio de referencia remota a 40 Hz
1388,6/17/2022,4:20:3,Cambio de referencia remota a 39 Hz
1387,6/17/2022,3:19:34,Cambio de referencia remota a 40 Hz
1386,6/17/2022,3:19:32,Cambio de referencia remota a 39 Hz
1385,6/17/2022,3:0:36,Cambio de referencia remota a 40 Hz
1384,6/17/2022,3:0:34,Cambio de referencia remota a 39 Hz
1383,6/17/2022,2:57:29,Cambio de referencia remota a 40 Hz
1382,6/17/2022,2:57:26,Cambio de referencia remota a 39 Hz
1381,6/17/2022,2:47:51,Cambio de referencia remota a 40 Hz
1380,6/17/2022,2:47:49,Cambio de referencia remota a 39 Hz
1379,6/17/2022,2:43:9,Cambio de referencia remota a 40 Hz
1378,6/17/2022,2:43:6,Cambio de referencia remota a 39 Hz
1377,6/17/2022,1:33:37,Cambio de referencia remota a 40 Hz
1376,6/17/2022,1:33:35,Cambio de referencia remota a 39 Hz
1375,6/17/2022,1:11:37,Cambio de referencia remota a 40 Hz
1374,6/17/2022,1:11:34,Cambio de referencia remota a 42 Hz
1373,6/17/2022,0:49:6,Cambio de referencia remota a 40 Hz
1372,6/17/2022,0:49:4,Cambio de referencia remota a 39 Hz
1371,6/16/2022,22:15:32,Cambio de referencia remota a 40 Hz
1370,6/16/2022,22:15:29,Cambio de referencia remota a 39 Hz
1369,6/16/2022,20:57:53,Cambio de referencia remota a 40 Hz
1368,6/16/2022,20:57:51,Cambio de referencia remota a 39 Hz
1367,6/16/2022,20:53:16,Cambio de referencia remota a 40 Hz
1366,6/16/2022,20:53:13,Cambio de referencia remota a 39 Hz
1365,6/16/2022,20:1:34,Cambio de referencia remota a 40 Hz
1364,6/16/2022,20:1:32,Cambio de referencia remota a 39 Hz
1363,6/16/2022,19:31:11,Cambio de referencia remota a 40 Hz
1362,6/16/2022,19:31:9,Cambio de referencia remota a 36 Hz
1361,6/16/2022,19:17:26,Cambio de referencia remota a 40 Hz
1360,6/16/2022,19:17:23,Cambio de referencia remota a 39 Hz
1359,6/16/2022,19:7:11,Cambio de referencia remota a 40 Hz
1358,6/16/2022,19:7:8,Cambio de referencia remota a 38 Hz
1357,6/16/2022,18:45:30,Cambio de referencia remota a 40 Hz
1356,6/16/2022,18:45:28,Cambio de referencia remota a 39 Hz
1355,6/16/2022,18:45:5,Cambio de referencia remota a 40 Hz
1354,6/16/2022,18:45:3,Cambio de referencia remota a 39 Hz
1353,6/16/2022,17:44:56,Cambio de referencia remota a 40 Hz
1352,6/16/2022,17:44:54,Cambio de referencia remota a 43 Hz
1351,6/16/2022,17:4:53,Cambio de referencia remota a 40 Hz
1350,6/16/2022,17:4:51,Cambio de referencia remota a 36 Hz
1349,6/16/2022,15:36:27,Cambio de referencia remota a 40 Hz
1348,6/16/2022,15:36:24,Cambio de referencia remota a 39 Hz
1347,6/16/2022,15:30:37,Cambio de referencia remota a 40 Hz
1346,6/16/2022,15:30:34,Cambio de referencia remota a 39 Hz
1345,6/16/2022,13:1:15,Cambio de referencia remota a 40 Hz
1344,6/16/2022,13:1:13,Cambio de referencia remota a 39 Hz
1343,6/16/2022,12:32:50,Cambio de referencia remota a 40 Hz
1342,6/16/2022,12:32:47,Cambio de referencia remota a 39 Hz
1341,6/16/2022,12:2:14,Cambio de referencia remota a 40 Hz
1340,6/16/2022,12:2:12,Cambio de referencia remota a 37 Hz
1339,6/16/2022,11:11:38,Cambio de referencia remota a 40 Hz
1338,6/16/2022,11:11:36,Cambio de referencia remota a 39 Hz
1337,6/16/2022,10:57:55,Cambio de referencia remota a 40 Hz
1336,6/16/2022,10:57:52,Cambio de referencia remota a 36 Hz
1335,6/16/2022,10:55:2,Cambio de referencia remota a 40 Hz
1334,6/16/2022,10:54:58,Cambio de referencia remota a 42 Hz
1333,6/16/2022,10:50:13,Parada remota CILA2S exitosa
1332,6/16/2022,10:50:13,Parada remota CILA2S exitosa
1331,6/16/2022,10:50:12,Stop
1330,6/16/2022,10:50:12,Parada remota CILA2S exitosa
1329,6/16/2022,10:50:11,Disparo por Proteción de Tensión Bus DC HH: 720.90
1328,6/16/2022,10:49:58,Cambio de referencia remota a 40 Hz
1327,6/16/2022,10:49:58,Parada remota CILA2S exitosa
1326,6/16/2022,10:49:58,Parada remota CILA2S fallida
1325,6/16/2022,10:49:58,Parada remota CILA2S exitosa
1324,6/16/2022,10:49:57,Parada remota CILA2S fallida
1323,6/16/2022,10:49:57,Parada remota CILA2S fallida
1322,6/16/2022,10:49:57,Parada remota CILA2S fallida
1321,6/16/2022,10:49:57,Parada remota CILA2S exitosa
1320,6/16/2022,10:49:56,Falla de C2S: 225
1319,6/16/2022,10:49:56,Stop_ESD
1318,6/16/2022,9:24:43,Cambio de referencia remota a 39 Hz
1317,6/16/2022,9:24:40,Parada remota CILA2S exitosa
1316,6/16/2022,9:24:39,Parada remota CILA2S exitosa
1315,6/16/2022,9:24:38,Stop
1314,6/16/2022,9:24:35,Falla de C2S: 225
1313,6/16/2022,9:24:29,Cambio de referencia remota a 40 Hz
1312,6/16/2022,9:24:22,Cambio de referencia remota a 0 Hz
1311,6/16/2022,9:24:22,Parada remota CILA2S exitosa
1310,6/16/2022,9:24:22,Parada remota CILA2S fallida
1309,6/16/2022,9:24:21,Parada remota CILA2S exitosa
1308,6/16/2022,9:24:21,Parada remota CILA2S fallida
1307,6/16/2022,9:24:21,Parada remota CILA2S fallida
1306,6/16/2022,9:24:21,Parada remota CILA2S fallida
1305,6/16/2022,9:24:21,Parada remota CILA2S exitosa
1304,6/16/2022,9:24:21,Parada remota CILA2S fallida
1303,6/16/2022,9:24:21,Parada remota CILA2S exitosa
1302,6/16/2022,9:24:20,Stop_ESD
1301,6/16/2022,8:34:41,Cambio de referencia remota a 40 Hz
1300,6/16/2022,8:34:38,Cambio de referencia remota a 39 Hz
1299,6/16/2022,7:31:37,Cambio de referencia remota a 40 Hz
1298,6/16/2022,7:31:34,Cambio de referencia remota a 39 Hz
1297,6/16/2022,6:13:27,Cambio de referencia remota a 40 Hz
1296,6/16/2022,6:13:25,Cambio de referencia remota a 39 Hz
1295,6/16/2022,6:7:2,Cambio de referencia remota a 40 Hz
1294,6/16/2022,6:7:0,Cambio de referencia remota a 39 Hz
1293,6/16/2022,5:12:11,Cambio de referencia remota a 40 Hz
1292,6/16/2022,5:12:8,Cambio de referencia remota a 39 Hz
1291,6/16/2022,4:9:11,Cambio de referencia remota a 40 Hz
1290,6/16/2022,4:9:9,Cambio de referencia remota a 39 Hz
1289,6/16/2022,2:50:15,Cambio de referencia remota a 40 Hz
1288,6/16/2022,2:50:12,Cambio de referencia remota a 39 Hz
1287,6/16/2022,2:28:27,Cambio de referencia remota a 40 Hz
1286,6/16/2022,2:28:24,Cambio de referencia remota a 36 Hz
1285,6/16/2022,1:0:19,Cambio de referencia remota a 40 Hz
1284,6/16/2022,1:0:17,Cambio de referencia remota a 37 Hz
1283,6/16/2022,0:59:27,Cambio de referencia remota a 40 Hz
1282,6/16/2022,0:59:24,Cambio de referencia remota a 39 Hz
1281,6/16/2022,0:35:26,Cambio de referencia remota a 40 Hz
1280,6/16/2022,0:35:23,Cambio de referencia remota a 39 Hz
1279,6/15/2022,23:57:7,Cambio de referencia remota a 40 Hz
1278,6/15/2022,23:57:5,Cambio de referencia remota a 39 Hz
1277,6/15/2022,23:42:27,Cambio de referencia remota a 40 Hz
1276,6/15/2022,23:42:25,Cambio de referencia remota a 39 Hz
1275,6/15/2022,23:36:50,Cambio de referencia remota a 40 Hz
1274,6/15/2022,23:36:47,Cambio de referencia remota a 41 Hz
1273,6/15/2022,23:16:9,Cambio de referencia remota a 40 Hz
1272,6/15/2022,23:16:4,Cambio de referencia remota a 39 Hz
1271,6/15/2022,22:57:9,Cambio de referencia remota a 40 Hz
1270,6/15/2022,22:57:6,Cambio de referencia remota a 39 Hz
1269,6/15/2022,22:39:16,Cambio de referencia remota a 40 Hz
1268,6/15/2022,22:39:13,Cambio de referencia remota a 36 Hz
1267,6/15/2022,20:43:14,Cambio de referencia remota a 40 Hz
1266,6/15/2022,20:43:12,Cambio de referencia remota a 39 Hz
1265,6/15/2022,20:27:16,Cambio de referencia remota a 40 Hz
1264,6/15/2022,20:27:14,Cambio de referencia remota a 39 Hz
1263,6/15/2022,19:56:48,Cambio de referencia remota a 40 Hz
1262,6/15/2022,19:56:46,Cambio de referencia remota a 37 Hz
1261,6/15/2022,18:47:46,Cambio de referencia remota a 40 Hz
1260,6/15/2022,18:47:44,Cambio de referencia remota a 39 Hz
1259,6/15/2022,18:46:34,Cambio de referencia remota a 40 Hz
1258,6/15/2022,18:46:31,Cambio de referencia remota a 38 Hz
1257,6/15/2022,18:24:1,Parada remota CILA2S exitosa
1256,6/15/2022,18:24:1,Parada remota CILA2S exitosa
1255,6/15/2022,18:23:58,Stop
1254,6/15/2022,18:23:55,Cambio de referencia remota a 40 Hz
1253,6/15/2022,18:23:51,Cambio de referencia remota a 37 Hz
1252,6/15/2022,18:23:29,Falla de C2S: 225
1251,6/15/2022,18:18:22,Cambio de referencia remota a 40 Hz
1250,6/15/2022,18:18:19,Cambio de referencia remota a 42 Hz
1249,6/15/2022,18:18:4,Cambio de referencia remota a 40 Hz
1248,6/15/2022,18:17:59,Cambio de referencia remota a 0 Hz
1247,6/15/2022,18:17:53,Parada remota CILA2S fallida
1246,6/15/2022,18:17:53,Parada remota CILA2S fallida
1245,6/15/2022,18:17:50,Stop_ESD
1244,6/15/2022,17:39:43,Parada remota CILA2S exitosa
1243,6/15/2022,17:39:42,Disparo por Proteción de Tensión Bus DC HH: 731.10
1242,6/15/2022,17:39:32,Parada remota CILA2S exitosa
1241,6/15/2022,17:39:30,Disparo por Proteción de Tensión Bus DC HH: 738.60
1240,6/15/2022,17:14:13,Cambio de referencia remota a 40 Hz
1239,6/15/2022,17:14:11,Cambio de referencia remota a 37 Hz
1238,6/15/2022,16:43:57,Cambio de referencia remota a 40 Hz
1237,6/15/2022,16:43:55,Cambio de referencia remota a 39 Hz
1236,6/15/2022,15:16:48,Cambio de referencia remota a 40 Hz
1235,6/15/2022,15:16:45,Cambio de referencia remota a 37 Hz
1234,6/15/2022,15:12:50,Cambio de referencia remota a 40 Hz
1233,6/15/2022,15:12:48,Cambio de referencia remota a 39 Hz
1232,6/15/2022,14:9:29,Cambio de referencia remota a 40 Hz
1231,6/15/2022,14:9:27,Cambio de referencia remota a 39 Hz
1230,6/15/2022,13:18:39,Cambio de referencia remota a 40 Hz
1229,6/15/2022,13:18:36,Cambio de referencia remota a 36 Hz
1228,6/15/2022,13:14:7,Stop
1227,6/15/2022,13:14:3,Parada remota CILA2S exitosa
1226,6/15/2022,13:14:2,Disparo por Proteción de Tensión Bus DC HH: 731.00
1225,6/15/2022,12:38:31,Cambio de referencia remota a 40 Hz
1224,6/15/2022,12:38:28,Cambio de referencia remota a 39 Hz
1223,6/15/2022,12:2:50,Cambio de referencia remota a 40 Hz
1222,6/15/2022,12:2:47,Cambio de referencia remota a 43 Hz
1221,6/15/2022,11:34:49,Cambio de referencia remota a 40 Hz
1220,6/15/2022,11:34:47,Cambio de referencia remota a 39 Hz
1219,6/15/2022,11:21:59,Cambio de referencia remota a 40 Hz
1218,6/15/2022,11:21:56,Cambio de referencia remota a 39 Hz
1217,6/15/2022,10:59:25,Cambio de referencia remota a 40 Hz
1216,6/15/2022,10:59:14,Cambio de referencia remota a 38 Hz
1215,6/15/2022,10:58:46,Cambio de referencia remota a 40 Hz
1214,6/15/2022,10:58:42,Cambio de referencia remota a 39 Hz
1213,6/15/2022,10:52:18,Cambio de referencia remota a 40 Hz
1212,6/15/2022,10:52:16,Cambio de referencia remota a 44 Hz
1211,6/15/2022,10:52:4,Parada remota CILA2S exitosa
1210,6/15/2022,10:52:3,Cambio de referencia remota a 0 Hz
1209,6/15/2022,10:52:3,Parada remota CILA2S fallida
1208,6/15/2022,10:52:3,Parada remota CILA2S exitosa
1207,6/15/2022,10:52:3,Parada remota CILA2S fallida
1206,6/15/2022,10:52:3,Parada remota CILA2S exitosa
1205,6/15/2022,10:52:3,Parada remota CILA2S fallida
1204,6/15/2022,10:52:2,Parada remota CILA2S exitosa
1203,6/15/2022,10:52:2,Parada remota CILA2S fallida
1202,6/15/2022,10:52:2,Parada remota CILA2S fallida
1201,6/15/2022,10:52:0,Stop_ESD
1200,6/15/2022,9:51:56,Cambio de referencia remota a 40 Hz
1199,6/15/2022,9:51:54,Cambio de referencia remota a 39 Hz
1198,6/15/2022,9:0:21,Cambio de referencia remota a 40 Hz
1197,6/15/2022,9:0:18,Cambio de referencia remota a 43 Hz
1196,6/15/2022,8:51:53,Cambio de referencia remota a 40 Hz
1195,6/15/2022,8:51:50,Cambio de referencia remota a 39 Hz
1194,6/15/2022,8:44:23,Cambio de referencia remota a 40 Hz
1193,6/15/2022,8:44:20,Cambio de referencia remota a 44 Hz
1192,6/15/2022,8:32:15,Cambio de referencia remota a 40 Hz
1191,6/15/2022,8:32:12,Cambio de referencia remota a 39 Hz
1190,6/15/2022,8:18:5,Cambio de referencia remota a 40 Hz
1189,6/15/2022,8:18:2,Cambio de referencia remota a 39 Hz
1188,6/15/2022,8:4:27,Cambio de referencia remota a 40 Hz
1187,6/15/2022,8:4:24,Cambio de referencia remota a 39 Hz
1186,6/15/2022,7:56:7,Cambio de referencia remota a 40 Hz
1185,6/15/2022,7:56:4,Cambio de referencia remota a 39 Hz
1184,6/15/2022,7:8:6,Cambio de referencia remota a 40 Hz
1183,6/15/2022,7:8:3,Cambio de referencia remota a 42 Hz
1182,6/15/2022,6:45:18,Cambio de referencia remota a 40 Hz
1181,6/15/2022,6:45:15,Cambio de referencia remota a 39 Hz
1180,6/15/2022,6:33:37,Cambio de referencia remota a 40 Hz
1179,6/15/2022,6:33:35,Cambio de referencia remota a 41 Hz
1178,6/15/2022,5:47:8,Cambio de referencia remota a 40 Hz
1177,6/15/2022,5:47:6,Cambio de referencia remota a 42 Hz
1176,6/15/2022,4:5:16,Cambio de referencia remota a 40 Hz
1175,6/15/2022,4:5:14,Cambio de referencia remota a 39 Hz
1174,6/15/2022,4:0:54,Cambio de referencia remota a 40 Hz
1173,6/15/2022,4:0:51,Cambio de referencia remota a 37 Hz
1172,6/15/2022,3:52:49,Cambio de referencia remota a 40 Hz
1171,6/15/2022,3:52:46,Cambio de referencia remota a 39 Hz
1170,6/15/2022,2:54:0,Cambio de referencia remota a 40 Hz
1169,6/15/2022,2:53:57,Cambio de referencia remota a 39 Hz
1168,6/15/2022,2:44:2,Cambio de referencia remota a 40 Hz
1167,6/15/2022,2:44:0,Cambio de referencia remota a 39 Hz
1166,6/15/2022,1:35:41,Cambio de referencia remota a 40 Hz
1165,6/15/2022,1:35:38,Cambio de referencia remota a 38 Hz
1164,6/15/2022,0:0:26,Cambio de referencia remota a 40 Hz
1163,6/15/2022,0:0:23,Cambio de referencia remota a 39 Hz
1162,6/14/2022,23:42:43,Cambio de referencia remota a 40 Hz
1161,6/14/2022,23:42:41,Cambio de referencia remota a 39 Hz
1160,6/14/2022,23:39:50,Cambio de referencia remota a 40 Hz
1159,6/14/2022,23:39:48,Cambio de referencia remota a 44 Hz
1158,6/14/2022,22:51:20,Cambio de referencia remota a 40 Hz
1157,6/14/2022,22:51:17,Cambio de referencia remota a 42 Hz
1156,6/14/2022,22:26:9,Cambio de referencia remota a 40 Hz
1155,6/14/2022,22:26:7,Cambio de referencia remota a 42 Hz
1154,6/14/2022,22:23:30,Parada remota CILA2S exitosa
1153,6/14/2022,22:23:30,Parada remota CILA2S exitosa
1152,6/14/2022,22:23:29,Stop
1151,6/14/2022,22:23:27,Falla de C2S: 225
1150,6/14/2022,22:23:22,Cambio de referencia remota a 40 Hz
1149,6/14/2022,22:23:19,Cambio de referencia remota a 39 Hz
1148,6/14/2022,22:18:59,Cambio de referencia remota a 40 Hz
1147,6/14/2022,22:18:57,Cambio de referencia remota a 43 Hz
1146,6/14/2022,21:31:45,Cambio de referencia remota a 40 Hz
1145,6/14/2022,21:31:43,Cambio de referencia remota a 43 Hz
1144,6/14/2022,21:2:24,Cambio de referencia remota a 40 Hz
1143,6/14/2022,21:2:22,Cambio de referencia remota a 39 Hz
1142,6/14/2022,20:28:16,Cambio de referencia remota a 40 Hz
1141,6/14/2022,20:28:14,Cambio de referencia remota a 37 Hz
1140,6/14/2022,20:18:48,Cambio de referencia remota a 40 Hz
1139,6/14/2022,20:18:46,Cambio de referencia remota a 39 Hz
1138,6/14/2022,19:14:4,Cambio de referencia remota a 40 Hz
1137,6/14/2022,19:14:2,Cambio de referencia remota a 39 Hz
1136,6/14/2022,18:44:56,Cambio de referencia remota a 40 Hz
1135,6/14/2022,18:44:54,Cambio de referencia remota a 39 Hz
1134,6/14/2022,18:43:14,Cambio de referencia remota a 40 Hz
1133,6/14/2022,18:43:11,Cambio de referencia remota a 39 Hz
1132,6/14/2022,18:25:13,Cambio de referencia remota a 40 Hz
1131,6/14/2022,18:25:11,Cambio de referencia remota a 39 Hz
1130,6/14/2022,18:2:5,Cambio de referencia remota a 40 Hz
1129,6/14/2022,18:2:3,Cambio de referencia remota a 36 Hz
1128,6/14/2022,15:58:12,Cambio de referencia remota a 40 Hz
1127,6/14/2022,15:58:9,Cambio de referencia remota a 39 Hz
1126,6/14/2022,14:53:45,Cambio de referencia remota a 40 Hz
1125,6/14/2022,14:53:42,Cambio de referencia remota a 44 Hz
1124,6/14/2022,14:50:7,Cambio de referencia remota a 40 Hz
1123,6/14/2022,14:50:5,Cambio de referencia remota a 39 Hz
1122,6/14/2022,14:44:17,Cambio de referencia remota a 40 Hz
1121,6/14/2022,14:44:15,Cambio de referencia remota a 39 Hz
1120,6/14/2022,14:30:14,Cambio de referencia remota a 40 Hz
1119,6/14/2022,14:30:12,Cambio de referencia remota a 39 Hz
1118,6/14/2022,13:13:25,Cambio de referencia remota a 40 Hz
1117,6/14/2022,13:13:23,Cambio de referencia remota a 42 Hz
1116,6/14/2022,13:9:18,Cambio de referencia remota a 40 Hz
1115,6/14/2022,13:9:15,Cambio de referencia remota a 39 Hz
1114,6/14/2022,13:0:53,Cambio de referencia remota a 40 Hz
1113,6/14/2022,13:0:50,Cambio de referencia remota a 39 Hz
1112,6/14/2022,10:49:52,Cambio de referencia remota a 40 Hz
1111,6/14/2022,10:49:50,Cambio de referencia remota a 39 Hz
1110,6/14/2022,10:37:43,Parada remota CILA2S exitosa
1109,6/14/2022,10:37:43,Parada remota CILA2S exitosa
1108,6/14/2022,10:37:42,Stop
1107,6/14/2022,10:37:23,Parada remota CILA2S exitosa
1106,6/14/2022,10:37:23,Parada remota CILA2S exitosa
1105,6/14/2022,10:37:22,Stop
1104,6/14/2022,10:37:3,Arranque remoto CILA2S exitoso
1103,6/14/2022,10:37:3,Arranque remoto CILA2S exitoso
1102,6/14/2022,10:37:2,Start
1101,6/14/2022,10:36:58,Arranque remoto CILA2S exitoso
1100,6/14/2022,10:36:58,Arranque remoto CILA2S exitoso
1099,6/14/2022,10:36:57,Start
1098,6/14/2022,9:50:58,Cambio de referencia remota a 40 Hz
1097,6/14/2022,9:50:56,Cambio de referencia remota a 41 Hz
1096,6/14/2022,9:49:22,Parada remota CILA2S exitosa
1095,6/14/2022,9:49:22,Cambio de referencia remota a 40 Hz
1094,6/14/2022,9:49:21,Parada remota CILA2S fallida
1093,6/14/2022,9:49:21,Parada remota CILA2S exitosa
1092,6/14/2022,9:49:21,Parada remota CILA2S fallida
1091,6/14/2022,9:49:21,Parada remota CILA2S exitosa
1090,6/14/2022,9:49:20,Parada remota CILA2S fallida
1089,6/14/2022,9:49:20,Parada remota CILA2S fallida
1088,6/14/2022,9:49:19,Stop_ESD
1087,6/14/2022,9:23:26,Modo de control: Remoto
1086,6/14/2022,9:23:7,Modo de control: Local
1085,6/14/2022,9:6:33,Parada remota CILA2S fallida
1084,6/14/2022,9:6:32,Parada remota CILA2S fallida
1083,6/14/2022,9:6:32,Cambio de referencia remota a 0 Hz
1082,6/14/2022,9:6:32,Parada remota CILA2S fallida
1081,6/14/2022,9:6:31,Stop_ESD
1080,3/8/2022,11:53:22,Parada remota CILA2S exitosa
1079,3/8/2022,11:53:21,Parada remota CILA2S exitosa
1078,3/8/2022,11:53:21,Stop
1077,3/8/2022,11:52:9,Parada remota CILA2S exitosa
1076,3/8/2022,11:52:9,Parada remota CILA2S exitosa
1075,3/8/2022,11:52:9,Parada remota CILA2S exitosa
1074,3/8/2022,11:52:9,Parada remota CILA2S exitosa
1073,3/8/2022,11:52:8,Start
1072,3/8/2022,11:47:26,Parada remota CILA2S exitosa
1071,3/8/2022,11:47:26,Parada remota CILA2S exitosa
1070,3/8/2022,11:47:25,Stop
1069,3/8/2022,11:44:34,Arranque remoto CILA2S exitoso
1068,3/8/2022,11:44:34,Arranque remoto CILA2S exitoso
1067,3/8/2022,11:44:33,Start
1066,3/8/2022,11:44:5,Cambio de referencia remota a 40 Hz
1065,3/8/2022,11:44:3,Cambio de referencia remota a 41 Hz
1064,3/8/2022,11:27:7,Cambio de referencia remota a 40 Hz
1063,3/8/2022,11:26:31,Parada remota CILA2S exitosa
1062,3/8/2022,11:26:31,Parada remota CILA2S exitosa
1061,3/8/2022,11:26:31,Stop
1060,3/8/2022,11:25:1,Arranque remoto CILA2S exitoso
1059,3/8/2022,11:25:1,Arranque remoto CILA2S exitoso
1058,3/8/2022,11:25:0,Start
1057,3/8/2022,11:24:46,Parada remota CILA2S exitosa
1056,3/8/2022,11:24:46,Parada remota CILA2S exitosa
1055,3/8/2022,11:24:45,Stop
1054,3/8/2022,11:24:38,Arranque remoto CILA2S exitoso
1053,3/8/2022,11:24:38,Arranque remoto CILA2S exitoso
1052,3/8/2022,11:24:37,Start
1051,3/8/2022,11:16:58,Parada remota CILA2S exitosa
1050,3/8/2022,11:16:58,Parada remota CILA2S exitosa
1049,3/8/2022,11:16:58,Stop
1048,3/8/2022,11:16:35,Cambio de referencia remota a 50 Hz
1047,3/8/2022,11:16:25,Referencia  por entrada analógica fuera de límites
1046,3/8/2022,11:13:53,Arranque remoto CILA2S exitoso
1045,3/8/2022,11:13:53,Arranque remoto CILA2S exitoso
1044,3/8/2022,11:13:52,Start
1043,3/8/2022,11:13:43,Parada remota CILA2S exitosa
1042,3/8/2022,11:13:43,Parada remota CILA2S exitosa
1041,3/8/2022,11:13:42,Stop
1040,3/8/2022,11:13:31,Parada remota CILA2S exitosa
1039,3/8/2022,11:13:31,Parada remota CILA2S exitosa
1038,3/8/2022,11:13:30,Stop
1037,3/8/2022,11:13:18,Parada remota CILA2S exitosa
1036,3/8/2022,11:13:18,Parada remota CILA2S exitosa
1035,3/8/2022,11:13:17,Stop
1034,3/8/2022,11:13:11,Parada remota CILA2S exitosa
1033,3/8/2022,11:13:11,Parada remota CILA2S exitosa
1032,3/8/2022,11:13:10,Stop
1031,3/8/2022,11:11:36,Arranque remoto CILA2S exitoso
1030,3/8/2022,11:11:35,Arranque remoto CILA2S exitoso
1029,3/8/2022,11:11:34,Start
1028,3/8/2022,11:10:33,Parada remota CILA2S exitosa
1027,3/8/2022,11:10:33,Parada remota CILA2S exitosa
1026,3/8/2022,11:10:32,Stop
1025,3/8/2022,10:49:3,Parada remota CILA2S exitosa
1024,3/8/2022,10:49:3,Parada remota CILA2S exitosa
1023,3/8/2022,10:49:2,Stop
1022,3/8/2022,10:46:24,Cambio de referencia remota a 45 Hz
1021,3/8/2022,10:45:28,Arranque remoto CILA2S exitoso
1020,3/8/2022,10:45:28,Arranque remoto CILA2S exitoso
1019,3/8/2022,10:45:27,Start
1018,3/8/2022,10:44:32,Cambio de referencia remota a 40 Hz
1017,3/8/2022,10:42:30,Parada remota CILA2S exitosa
1016,3/8/2022,10:42:30,Parada remota CILA2S exitosa
1015,3/8/2022,10:42:29,Stop
1014,3/8/2022,10:42:25,Arranque remoto CILA2S exitoso
1013,3/8/2022,10:42:25,Arranque remoto CILA2S exitoso
1012,3/8/2022,10:42:24,Start
1011,3/8/2022,10:41:43,Parada remota CILA2S exitosa
1010,3/8/2022,10:41:43,Parada remota CILA2S exitosa
1009,3/8/2022,10:41:42,Stop
1008,3/8/2022,10:38:5,Arranque remoto CILA2S exitoso
1007,3/8/2022,10:38:5,Arranque remoto CILA2S exitoso
1006,3/8/2022,10:38:4,Start
1005,3/8/2022,10:32:5,Parada remota CILA2S exitosa
1004,3/8/2022,10:32:5,Parada remota CILA2S exitosa
1003,3/8/2022,10:32:5,Stop
1002,3/8/2022,10:31:29,Cambio de referencia remota a 51 Hz
1001,3/8/2022,10:31:11,Cambio de referencia remota a 50 Hz
1000,3/8/2022,10:30:32,Arranque remoto CILA2S exitoso
999,3/8/2022,10:30:32,Arranque remoto CILA2S exitoso
998,3/8/2022,10:30:31,Start
997,3/8/2022,10:24:42,Parada remota CILA2S exitosa
996,3/8/2022,10:24:42,Parada remota CILA2S exitosa
995,3/8/2022,10:24:42,Stop
994,3/8/2022,10:23:40,Arranque remoto CILA2S exitoso
993,3/8/2022,10:23:40,Arranque remoto CILA2S exitoso
992,3/8/2022,10:23:39,Start
991,3/8/2022,10:23:35,Parada remota CILA2S exitosa
990,3/8/2022,10:23:35,Parada remota CILA2S exitosa
989,3/8/2022,10:23:34,Stop
988,3/8/2022,10:23:19,Cambio de referencia remota a 40 Hz
987,3/8/2022,10:23:5,Parada remota CILA2S exitosa
986,3/8/2022,10:23:5,Parada remota CILA2S exitosa
985,3/8/2022,10:23:4,Stop
984,3/8/2022,10:22:30,Arranque remoto CILA2S exitoso
983,3/8/2022,10:22:30,Arranque remoto CILA2S exitoso
982,3/8/2022,10:22:30,Start
981,3/8/2022,10:21:59,Cambio de referencia remota a 60 Hz
980,3/8/2022,10:21:45,Parada remota CILA2S exitosa
979,3/8/2022,10:21:45,Parada remota CILA2S exitosa
978,3/8/2022,10:21:44,Stop
977,3/8/2022,10:20:42,Arranque remoto CILA2S exitoso
976,3/8/2022,10:20:42,Arranque remoto CILA2S exitoso
975,3/8/2022,10:20:42,Start
974,3/8/2022,10:15:50,Parada remota CILA2S exitosa
973,3/8/2022,10:15:50,Parada remota CILA2S exitosa
972,3/8/2022,10:15:49,Stop
971,3/8/2022,10:14:47,Arranque remoto CILA2S exitoso
970,3/8/2022,10:14:47,Arranque remoto CILA2S exitoso
969,3/8/2022,10:14:46,Start
968,3/8/2022,10:13:35,Parada remota CILA2S exitosa
967,3/8/2022,10:13:35,Parada remota CILA2S exitosa
966,3/8/2022,10:13:34,Stop
965,3/8/2022,10:12:32,Arranque remoto CILA2S exitoso
964,3/8/2022,10:12:32,Arranque remoto CILA2S exitoso
963,3/8/2022,10:12:31,Start
962,3/8/2022,10:1:22,Parada remota CILA2S exitosa
961,3/8/2022,10:1:22,Parada remota CILA2S exitosa
960,3/8/2022,10:1:21,Stop
959,3/8/2022,10:0:19,Arranque remoto CILA2S exitoso
958,3/8/2022,10:0:19,Arranque remoto CILA2S exitoso
957,3/8/2022,10:0:18,Start
956,3/8/2022,9:58:47,Parada remota CILA2S exitosa
955,3/8/2022,9:58:47,Parada remota CILA2S exitosa
954,3/8/2022,9:58:46,Stop
953,3/8/2022,9:57:42,Arranque remoto CILA2S exitoso
952,3/8/2022,9:57:42,Arranque remoto CILA2S exitoso
951,3/8/2022,9:57:41,Start
950,3/8/2022,9:55:24,Parada remota CILA2S exitosa
949,3/8/2022,9:55:24,Parada remota CILA2S exitosa
948,3/8/2022,9:55:24,Parada remota CILA2S exitosa
947,3/8/2022,9:55:24,Parada remota CILA2S exitosa
946,3/8/2022,9:55:24,Start
945,3/8/2022,9:55:17,Arranque remoto CILA2S exitoso
944,3/8/2022,9:55:17,Arranque remoto CILA2S exitoso
943,3/8/2022,9:55:16,Start
942,3/8/2022,9:31:27,Parada remota CILA2S exitosa
941,3/8/2022,9:31:27,Parada remota CILA2S exitosa
940,3/8/2022,9:31:26,Parada remota CILA2S exitosa
939,3/8/2022,9:31:26,Parada remota CILA2S exitosa
938,3/8/2022,9:31:25,Start
937,3/8/2022,9:30:49,Arranque remoto CILA2S exitoso
936,3/8/2022,9:30:49,Arranque remoto CILA2S exitoso
935,3/8/2022,9:30:48,Start
934,3/8/2022,9:30:26,Parada remota CILA2S exitosa
933,3/8/2022,9:30:26,Parada remota CILA2S exitosa
932,3/8/2022,9:30:25,Stop
931,3/8/2022,9:29:21,Arranque remoto CILA2S exitoso
930,3/8/2022,9:29:21,Arranque remoto CILA2S exitoso
929,3/8/2022,9:29:20,Start
928,3/8/2022,9:29:3,Parada remota CILA2S exitosa
927,3/8/2022,9:29:3,Parada remota CILA2S exitosa
926,3/8/2022,9:29:3,Stop
925,3/8/2022,9:28:59,Parada remota CILA2S exitosa
924,3/8/2022,9:28:58,Parada remota CILA2S exitosa
923,3/8/2022,9:28:58,Stop
922,3/8/2022,9:28:1,Arranque remoto CILA2S exitoso
921,3/8/2022,9:28:1,Arranque remoto CILA2S exitoso
920,3/8/2022,9:28:1,Start
919,3/8/2022,9:26:21,Parada remota CILA2S exitosa
918,3/8/2022,9:26:21,Parada remota CILA2S exitosa
917,3/8/2022,9:26:21,Stop
916,3/8/2022,9:25:59,Arranque remoto CILA2S exitoso
915,3/8/2022,9:25:59,Arranque remoto CILA2S exitoso
914,3/8/2022,9:25:58,Start
913,3/8/2022,9:25:9,Parada remota CILA2S exitosa
912,3/8/2022,9:25:9,Parada remota CILA2S exitosa
911,3/8/2022,9:25:8,Stop
910,3/8/2022,9:24:6,Arranque remoto CILA2S exitoso
909,3/8/2022,9:24:6,Arranque remoto CILA2S exitoso
908,3/8/2022,9:24:6,Start
907,3/8/2022,9:23:4,Parada remota CILA2S exitosa
906,3/8/2022,9:23:4,Parada remota CILA2S exitosa
905,3/8/2022,9:23:3,Stop
904,3/8/2022,9:22:31,Arranque remoto CILA2S exitoso
903,3/8/2022,9:22:31,Arranque remoto CILA2S exitoso
902,3/8/2022,9:22:31,Start
901,3/8/2022,9:14:37,Cambio de referencia remota a 40 Hz
900,3/8/2022,9:14:35,Cambio de referencia remota a 39 Hz
899,3/8/2022,9:0:32,Cambio de referencia remota a 40 Hz
898,3/8/2022,9:0:30,Cambio de referencia remota a 43 Hz
897,3/8/2022,8:57:40,Cambio de referencia remota a 40 Hz
896,3/8/2022,8:57:37,Cambio de referencia remota a 37 Hz
895,3/8/2022,8:35:38,Parada remota CILA2S exitosa
894,3/8/2022,8:35:38,Parada remota CILA2S exitosa
893,3/8/2022,8:35:37,Stop
892,3/8/2022,8:35:8,Arranque remoto CILA2S exitoso
891,3/8/2022,8:35:8,Arranque remoto CILA2S exitoso
890,3/8/2022,8:35:7,Start
889,3/8/2022,8:34:43,Parada remota CILA2S exitosa
888,3/8/2022,8:34:43,Parada remota CILA2S exitosa
887,3/8/2022,8:34:42,Stop
886,3/8/2022,8:34:20,Arranque remoto CILA2S exitoso
885,3/8/2022,8:34:20,Arranque remoto CILA2S exitoso
884,3/8/2022,8:34:20,Start
883,3/8/2022,8:33:54,Cambio de referencia remota a 40 Hz
882,3/8/2022,8:33:52,Cambio de referencia remota a 36 Hz
881,3/8/2022,8:33:28,Arranque remoto CILA2S exitoso
880,3/8/2022,8:33:28,Arranque remoto CILA2S exitoso
879,3/8/2022,8:33:27,Start
878,3/8/2022,8:32:51,Parada remota CILA2S exitosa
877,3/8/2022,8:32:51,Parada remota CILA2S exitosa
876,3/8/2022,8:32:50,Stop
875,3/8/2022,8:32:37,Arranque remoto CILA2S exitoso
874,3/8/2022,8:32:37,Arranque remoto CILA2S exitoso
873,3/8/2022,8:32:37,Start
872,3/8/2022,8:32:7,Arranque remoto CILA2S exitoso
871,3/8/2022,8:32:7,Arranque remoto CILA2S exitoso
870,3/8/2022,8:32:7,Start
869,3/8/2022,8:30:0,Parada remota CILA2S exitosa
868,3/8/2022,8:30:0,Parada remota CILA2S exitosa
867,3/8/2022,8:29:59,Stop
866,3/8/2022,8:29:47,Cambio de referencia remota a 40 Hz
865,3/8/2022,8:29:25,Arranque remoto CILA2S exitoso
864,3/8/2022,8:29:25,Arranque remoto CILA2S exitoso
863,3/8/2022,8:29:24,Start
862,3/8/2022,8:27:55,Parada remota CILA2S exitosa
861,3/8/2022,8:27:55,Parada remota CILA2S exitosa
860,3/8/2022,8:27:54,Stop
859,3/8/2022,8:27:50,Arranque remoto CILA2S exitoso
858,3/8/2022,8:27:50,Arranque remoto CILA2S exitoso
857,3/8/2022,8:27:49,Start
856,3/8/2022,8:20:22,Cambio de referencia remota a 59 Hz
855,3/8/2022,8:20:21,Cambio de referencia remota a 56 Hz
854,3/8/2022,8:19:53,Cambio de referencia remota a 59 Hz
853,3/8/2022,8:19:50,Cambio de referencia remota a 60 Hz
852,3/8/2022,8:16:1,Parada remota CILA2S exitosa
851,3/8/2022,8:16:1,Parada remota CILA2S exitosa
850,3/8/2022,8:16:0,Stop
849,3/8/2022,8:15:42,Cambio de referencia remota a 59 Hz
848,3/8/2022,8:15:39,Cambio de referencia remota a 57 Hz
847,3/8/2022,8:14:41,Cambio de referencia remota a 59 Hz
846,3/8/2022,8:14:38,Cambio de referencia remota a 55 Hz
845,3/8/2022,8:11:14,Cambio de referencia remota a 59 Hz
844,3/8/2022,8:11:8,Parada remota CILA2S exitosa
843,3/8/2022,8:11:8,Parada remota CILA2S fallida
842,3/8/2022,8:11:8,Parada remota CILA2S exitosa
841,3/8/2022,8:11:7,Cambio de referencia remota a 0 Hz
840,3/8/2022,8:11:7,Parada remota CILA2S fallida
839,3/8/2022,8:11:7,Parada remota CILA2S exitosa
838,3/8/2022,8:11:7,Parada remota CILA2S fallida
837,3/8/2022,8:11:6,Parada remota CILA2S fallida
836,3/8/2022,8:11:5,Stop_ESD
835,3/1/2022,16:32:43,Parada remota CILA2S exitosa
834,3/1/2022,16:32:43,Parada remota CILA2S exitosa
833,3/1/2022,16:32:42,Stop
832,3/1/2022,16:32:38,Arranque remoto CILA2S exitoso
831,3/1/2022,16:32:38,Arranque remoto CILA2S exitoso
830,3/1/2022,16:32:37,Start
829,3/1/2022,16:24:10,Parada remota CILA2S exitosa
828,3/1/2022,16:24:10,Parada remota CILA2S exitosa
827,3/1/2022,16:24:9,Stop
826,3/1/2022,16:23:32,Arranque remoto CILA2S exitoso
825,3/1/2022,16:23:32,Arranque remoto CILA2S exitoso
824,3/1/2022,16:23:32,Start
823,3/1/2022,16:21:5,Parada remota CILA2S exitosa
822,3/1/2022,16:21:5,Parada remota CILA2S exitosa
821,3/1/2022,16:21:5,Stop
820,3/1/2022,16:4:1,Cambio de referencia remota a 59 Hz
819,3/1/2022,16:3:57,Cambio de referencia remota a 60 Hz
818,3/1/2022,16:3:28,Cambio de referencia remota a 59 Hz
817,3/1/2022,16:3:25,Cambio de referencia remota a 57 Hz
816,3/1/2022,16:2:15,Parada remota CILA2S exitosa
815,3/1/2022,16:2:15,Parada remota CILA2S exitosa
814,3/1/2022,16:2:13,Stop
813,3/1/2022,16:0:46,Cambio de referencia remota a 59 Hz
812,3/1/2022,16:0:43,Cambio de referencia remota a 60 Hz
811,3/1/2022,15:58:29,Cambio de referencia remota a 59 Hz
810,3/1/2022,15:58:24,Cambio de referencia remota a 57 Hz
809,3/1/2022,15:58:18,Parada remota CILA2S exitosa
808,3/1/2022,15:58:18,Parada remota CILA2S fallida
807,3/1/2022,15:58:17,Cambio de referencia remota a 0 Hz
806,3/1/2022,15:58:17,Parada remota CILA2S exitosa
805,3/1/2022,15:58:17,Parada remota CILA2S fallida
804,3/1/2022,15:58:17,Parada remota CILA2S exitosa
803,3/1/2022,15:58:16,Parada remota CILA2S fallida
802,3/1/2022,15:58:16,Parada remota CILA2S fallida
801,3/1/2022,15:58:15,Stop_ESD
800,3/1/2022,13:52:26,Parada remota CILA2S exitosa
799,3/1/2022,13:52:26,Parada remota CILA2S exitosa
798,3/1/2022,13:52:25,Stop
797,3/1/2022,13:52:20,Falla de C2S: 4
796,3/1/2022,13:49:48,Parada remota CILA2S exitosa
795,3/1/2022,13:49:48,Parada remota CILA2S exitosa
794,3/1/2022,13:49:47,Stop
793,3/1/2022,13:11:14,Cambio de referencia remota a 59 Hz
792,3/1/2022,13:11:11,Cambio de referencia remota a 57 Hz
791,3/1/2022,12:33:33,Cambio de referencia remota a 59 Hz
790,3/1/2022,12:33:31,Cambio de referencia remota a 58 Hz
789,3/1/2022,12:16:56,Cambio de referencia remota a 59 Hz
788,3/1/2022,12:16:53,Cambio de referencia remota a 58 Hz
787,3/1/2022,11:29:57,Cambio de referencia remota a 59 Hz
786,3/1/2022,11:29:55,Cambio de referencia remota a 57 Hz
785,3/1/2022,11:5:22,Cambio de referencia remota a 59 Hz
784,3/1/2022,11:4:14,Cambio de referencia remota a 60 Hz
783,3/1/2022,11:3:54,Cambio de referencia remota a 55 Hz
782,3/1/2022,11:3:52,Cambio de referencia remota a 54 Hz
781,3/1/2022,11:3:2,Cambio de referencia remota a 55 Hz
780,3/1/2022,11:2:19,Cambio de referencia remota a 50 Hz
779,3/1/2022,11:1:17,Cambio de referencia remota a 45 Hz
778,3/1/2022,10:59:21,Arranque remoto CILA2S exitoso
777,3/1/2022,10:59:20,Arranque remoto CILA2S exitoso
776,3/1/2022,10:59:19,Start
775,3/1/2022,10:59:7,Cambio de referencia remota a 40 Hz
774,3/1/2022,10:59:4,Cambio de referencia remota a 38 Hz
773,3/1/2022,10:32:35,Parada remota CILA2S exitosa
772,3/1/2022,10:32:35,Parada remota CILA2S exitosa
771,3/1/2022,10:32:34,Stop
770,3/1/2022,10:32:20,Arranque remoto CILA2S exitoso
769,3/1/2022,10:32:20,Arranque remoto CILA2S exitoso
768,3/1/2022,10:32:19,Start
767,3/1/2022,10:21:20,Parada remota CILA2S exitosa
766,3/1/2022,10:21:20,Parada remota CILA2S exitosa
765,3/1/2022,10:21:19,Stop
764,3/1/2022,10:21:2,Arranque remoto CILA2S exitoso
763,3/1/2022,10:21:2,Arranque remoto CILA2S exitoso
762,3/1/2022,10:21:1,Start
761,3/1/2022,10:20:45,Parada remota CILA2S exitosa
760,3/1/2022,10:20:45,Parada remota CILA2S exitosa
759,3/1/2022,10:20:44,Stop
758,3/1/2022,10:20:27,Arranque remoto CILA2S exitoso
757,3/1/2022,10:20:27,Arranque remoto CILA2S exitoso
756,3/1/2022,10:20:26,Start
755,3/1/2022,10:7:39,Parada remota CILA2S exitosa
754,3/1/2022,10:7:39,Parada remota CILA2S exitosa
753,3/1/2022,10:7:38,Stop
752,3/1/2022,10:7:17,Arranque remoto CILA2S exitoso
751,3/1/2022,10:7:17,Arranque remoto CILA2S exitoso
750,3/1/2022,10:7:16,Start
749,3/1/2022,9:57:32,Parada remota CILA2S exitosa
748,3/1/2022,9:57:32,Parada remota CILA2S exitosa
747,3/1/2022,9:57:31,Stop
746,3/1/2022,9:57:9,Arranque remoto CILA2S exitoso
745,3/1/2022,9:57:9,Arranque remoto CILA2S exitoso
744,3/1/2022,9:57:8,Start
743,3/1/2022,9:57:3,Cambio de referencia remota a 40 Hz
742,3/1/2022,9:45:34,Parada remota CILA2S exitosa
741,3/1/2022,9:45:33,Parada remota CILA2S exitosa
740,3/1/2022,9:45:31,Stop
739,3/1/2022,9:45:31,Referencia  por entrada analógica fuera de límites
738,3/1/2022,9:44:57,Parada remota CILA2S exitosa
737,3/1/2022,9:44:57,Parada remota CILA2S exitosa
736,3/1/2022,9:44:55,Stop
735,3/1/2022,9:44:45,Cambio de referencia remota a 45 Hz
734,3/1/2022,9:44:38,Arranque remoto CILA2S exitoso
733,3/1/2022,9:44:38,Arranque remoto CILA2S exitoso
732,3/1/2022,9:44:36,Start
731,3/1/2022,9:44:7,Modo de control: Remoto
730,3/1/2022,9:42:35,Parada local CILA2S exitosa
729,3/1/2022,9:42:21,Cambio de velocidad exitoso a 55 Hz
728,3/1/2022,9:41:45,Arranque local CILA2S exitoso
727,3/1/2022,9:41:40,Cambio de velocidad exitoso a 45 Hz
726,3/1/2022,9:41:12,Admin Loged
725,3/1/2022,9:40:57,Modo de control: Local
724,3/1/2022,9:40:14,Cambio de referencia remota a 60 Hz
723,3/1/2022,9:40:7,Parada remota CILA2S exitosa
722,3/1/2022,9:40:7,Cambio de referencia remota a 0 Hz
721,3/1/2022,9:40:7,Parada remota CILA2S fallida
720,3/1/2022,9:40:7,Parada remota CILA2S exitosa
719,3/1/2022,9:40:7,Parada remota CILA2S fallida
718,3/1/2022,9:40:7,Parada remota CILA2S exitosa
717,3/1/2022,9:40:6,Parada remota CILA2S fallida
716,3/1/2022,9:40:6,Parada remota CILA2S exitosa
715,3/1/2022,9:40:6,Parada remota CILA2S fallida
714,3/1/2022,9:40:6,Parada remota CILA2S fallida
713,3/1/2022,9:40:4,Stop_ESD
712,3/1/2022,9:28:34,Parada remota CILA2S exitosa
711,3/1/2022,9:28:33,Parada remota CILA2S exitosa
710,3/1/2022,9:28:33,Stop
709,3/1/2022,9:27:59,Arranque remoto CILA2S exitoso
708,3/1/2022,9:27:59,Arranque remoto CILA2S exitoso
707,3/1/2022,9:27:58,Start
706,3/1/2022,9:19:1,Modo de control: Remoto
705,3/1/2022,9:18:9,Parada local CILA2S exitosa
704,3/1/2022,9:18:6,Modo de control: Local
703,3/1/2022,9:18:3,Parada local CILA2S exitosa
702,3/1/2022,9:17:54,Admin Loged
701,3/1/2022,9:16:7,Referencia  por entrada analógica fuera de límites
700,3/1/2022,9:15:11,Parada remota CILA2S exitosa
699,3/1/2022,9:15:11,Parada remota CILA2S exitosa
698,3/1/2022,9:15:10,Stop
697,3/1/2022,9:14:23,Arranque remoto CILA2S exitoso
696,3/1/2022,9:14:23,Arranque remoto CILA2S exitoso
695,3/1/2022,9:14:22,Start
694,3/1/2022,9:13:9,Parada remota CILA2S exitosa
693,3/1/2022,9:13:9,Parada remota CILA2S exitosa
692,3/1/2022,9:13:8,Stop
691,3/1/2022,9:12:21,Arranque remoto CILA2S exitoso
690,3/1/2022,9:12:21,Arranque remoto CILA2S exitoso
689,3/1/2022,9:12:20,Start
688,3/1/2022,9:10:12,Modo de control: Remoto
687,3/1/2022,9:9:44,Modo de control: Remoto
686,3/1/2022,9:9:39,Parada local CILA2S exitosa
685,3/1/2022,9:9:26,Modo de control: Remoto
684,3/1/2022,9:8:42,Modo de control: Local
683,3/1/2022,9:7:52,Modo de control: Remoto
682,3/1/2022,9:7:12,Arranque remoto CILA2S exitoso
681,3/1/2022,9:7:11,Start
680,3/1/2022,9:7:11,Intento de arranque remoto bloqueado
679,3/1/2022,9:6:29,Modo de control: Local
678,3/1/2022,9:5:25,Parada remota CILA2S exitosa
677,3/1/2022,9:5:24,Parada remota CILA2S exitosa
676,3/1/2022,9:5:22,Stop
675,3/1/2022,9:4:6,Arranque remoto CILA2S exitoso
674,3/1/2022,9:4:6,Arranque remoto CILA2S exitoso
673,3/1/2022,9:4:4,Start
672,3/1/2022,9:3:34,Parada remota CILA2S exitosa
671,3/1/2022,9:3:33,Parada remota CILA2S exitosa
670,3/1/2022,9:3:33,Stop
669,3/1/2022,9:3:29,Arranque remoto CILA2S exitoso
668,3/1/2022,9:3:29,Arranque remoto CILA2S exitoso
667,3/1/2022,9:3:27,Start
666,3/1/2022,9:2:25,Parada remota CILA2S exitosa
665,3/1/2022,9:2:25,Parada remota CILA2S exitosa
664,3/1/2022,9:2:23,Stop
663,3/1/2022,9:2:7,Arranque remoto CILA2S exitoso
662,3/1/2022,9:2:7,Arranque remoto CILA2S exitoso
661,3/1/2022,9:2:6,Start
660,3/1/2022,9:1:50,Cambio de referencia remota a 60 Hz
659,3/1/2022,9:1:47,Modo de control: Remoto
658,3/1/2022,9:1:18,Admin Loged
657,3/1/2022,9:0:1,Parada remota CILA2S exitosa
656,3/1/2022,9:0:1,Parada remota CILA2S fallida
655,3/1/2022,9:0:1,Parada remota CILA2S fallida
654,3/1/2022,9:0:1,Parada remota CILA2S exitosa
653,3/1/2022,9:0:0,Parada remota CILA2S fallida
652,3/1/2022,9:0:0,Parada remota CILA2S exitosa
651,3/1/2022,9:0:0,Intento de parada remota bloqueada
650,3/1/2022,8:59:59,Stop_ESD
649,2/4/2022,10:35:36,Admin Loged
648,2/4/2022,10:27:44,Parada remota CILA2S exitosa
647,2/4/2022,10:27:43,Stop
646,2/4/2022,10:27:43,Intento de parada remota bloqueada
645,2/4/2022,10:27:38,Falla de C2S: 4
644,2/4/2022,10:16:23,Cambio de rampas: Aceleración: 30 Desaceleración: 30
643,2/4/2022,10:11:9,Modo de control: Local
642,2/4/2022,10:9:42,Admin Loged
641,2/4/2022,10:3:58,Cambio de referencia remota a 0 Hz
640,2/4/2022,10:3:57,Parada remota CILA2S fallida
639,2/4/2022,10:3:53,Parada remota CILA2S fallida
638,2/4/2022,10:3:53,Parada remota CILA2S fallida
637,2/4/2022,10:3:52,Stop_ESD
636,1/12/2022,9:27:5,Parada remota CILA2S exitosa
635,1/12/2022,9:27:5,Parada remota CILA2S exitosa
634,1/12/2022,9:27:4,Stop
633,1/12/2022,9:25:6,Cambio de referencia remota a 60 Hz
632,1/12/2022,9:24:28,Arranque remoto CILA2S exitoso
631,1/12/2022,9:24:27,Arranque remoto CILA2S exitoso
630,1/12/2022,9:24:27,Start
629,1/12/2022,9:22:38,Parada remota CILA2S exitosa
628,1/12/2022,9:22:38,Parada remota CILA2S exitosa
627,1/12/2022,9:22:37,Stop
626,1/12/2022,9:22:37,Parada local CILA2S exitosa
625,1/12/2022,9:22:23,Arranque remoto CILA2S exitoso
624,1/12/2022,9:22:23,Arranque remoto CILA2S exitoso
623,1/12/2022,9:22:22,Start
622,1/12/2022,9:21:59,Modo de control: Remoto
621,1/12/2022,9:17:25,Parada local CILA2S exitosa
620,1/12/2022,9:17:23,Modo de control: Local
619,1/12/2022,9:17:15,Arranque remoto CILA2S exitoso
618,1/12/2022,9:17:15,Arranque remoto CILA2S exitoso
617,1/12/2022,9:17:14,Start
616,1/12/2022,9:17:11,Cambio de referencia remota a 45 Hz
615,1/12/2022,9:17:10,Modo de control: Remoto
614,1/12/2022,9:16:38,Admin Loged
613,1/12/2022,9:15:45,Modo de control: Local
612,1/12/2022,9:15:29,Parada local CILA2S exitosa
611,1/12/2022,9:15:29,Parada local CILA2S fallida
610,1/12/2022,9:15:29,Parada local CILA2S exitosa
609,1/12/2022,9:15:28,Parada local CILA2S fallida
608,1/12/2022,9:15:28,Parada local CILA2S exitosa
607,1/12/2022,9:15:28,Parada local CILA2S fallida
606,1/12/2022,9:15:27,Parada local CILA2S exitosa
605,1/12/2022,9:15:27,Parada local CILA2S fallida
604,1/12/2022,9:15:26,Parada local CILA2S exitosa
603,1/12/2022,9:15:26,Parada local CILA2S fallida
602,1/12/2022,9:15:26,Parada local CILA2S exitosa
601,1/12/2022,9:15:26,Parada local CILA2S fallida
600,1/12/2022,9:15:26,Parada local CILA2S exitosa
599,1/12/2022,9:15:26,Parada local CILA2S fallida
598,1/12/2022,9:15:25,Parada local CILA2S exitosa
597,1/12/2022,9:15:25,Parada local CILA2S fallida
596,1/12/2022,9:15:25,Parada local CILA2S exitosa
595,1/12/2022,9:15:25,Parada local CILA2S exitosa
594,1/12/2022,9:15:25,Parada local CILA2S fallida
593,1/12/2022,9:15:14,Cambio de referencia remota a 60 Hz
592,1/12/2022,9:15:9,Cambio de referencia remota a 0 Hz
591,1/12/2022,9:14:56,Cambio de referencia remota a 60 Hz
590,1/12/2022,9:14:54,Cambio de referencia remota a 0 Hz
589,1/12/2022,9:14:49,Cambio de referencia remota a 60 Hz
588,1/12/2022,9:14:41,Cambio de referencia remota a 0 Hz
587,1/12/2022,9:14:31,Cambio de referencia remota a 60 Hz
586,1/12/2022,9:14:24,Cambio de referencia remota a 0 Hz
585,1/12/2022,9:14:21,Parada local CILA2S fallida
584,1/12/2022,9:14:21,Parada local CILA2S exitosa
583,1/12/2022,9:14:21,Parada local CILA2S fallida
582,1/12/2022,9:14:21,Parada local CILA2S exitosa
581,1/12/2022,9:14:21,Parada local CILA2S fallida
580,1/12/2022,9:14:21,Parada local CILA2S exitosa
579,1/12/2022,9:14:21,Parada local CILA2S fallida
578,1/12/2022,9:14:21,Parada local CILA2S exitosa
577,1/12/2022,9:14:21,Parada local CILA2S fallida
576,1/12/2022,9:14:20,Parada local CILA2S exitosa
575,1/12/2022,9:14:20,Parada local CILA2S exitosa
574,1/12/2022,9:14:20,Parada local CILA2S exitosa
573,1/12/2022,9:14:19,Parada local CILA2S exitosa
572,1/12/2022,9:14:19,Parada local CILA2S fallida
571,1/12/2022,9:14:19,Cambio de referencia remota a 60 Hz
570,1/12/2022,9:14:19,Parada local CILA2S exitosa
569,1/12/2022,9:14:19,Parada local CILA2S fallida
568,1/12/2022,9:14:16,Cambio de referencia remota a 0 Hz
567,1/12/2022,9:14:13,Modo de control: Remoto
566,1/12/2022,9:13:49,Cambio de referencia remota a 60 Hz
565,1/12/2022,9:13:46,Cambio de referencia remota a 0 Hz
564,1/12/2022,9:13:21,Cambio de referencia remota a 60 Hz
563,1/12/2022,9:13:14,Cambio de referencia remota a 0 Hz
562,1/12/2022,9:13:4,Cambio de referencia remota a 60 Hz
561,1/12/2022,9:13:1,Cambio de referencia remota a 0 Hz
560,1/12/2022,9:12:56,Cambio de referencia remota a 60 Hz
559,1/12/2022,9:12:46,Cambio de referencia remota a 0 Hz
558,1/12/2022,9:12:33,Cambio de referencia remota a 60 Hz
557,1/12/2022,9:12:26,Cambio de referencia remota a 0 Hz
556,1/12/2022,9:12:23,Cambio de referencia remota a 60 Hz
555,1/12/2022,9:12:21,Cambio de referencia remota a 0 Hz
554,1/12/2022,9:12:18,Cambio de referencia remota a 60 Hz
553,1/12/2022,9:12:8,Cambio de referencia remota a 0 Hz
552,1/12/2022,9:11:56,Cambio de referencia remota a 60 Hz
551,1/12/2022,9:11:51,Cambio de referencia remota a 0 Hz
550,1/12/2022,9:11:46,Cambio de referencia remota a 60 Hz
549,1/12/2022,9:9:14,Arranque remoto CILA2S fallido
548,1/12/2022,9:9:13,Arranque remoto CILA2S fallido
547,1/12/2022,9:9:13,Start
546,1/12/2022,8:6:1,Cambio de referencia remota a 0 Hz
545,1/12/2022,8:5:58,Parada remota CILA2S fallida
544,1/12/2022,8:5:58,Parada remota CILA2S fallida
543,1/12/2022,8:5:58,Parada remota CILA2S fallida
542,1/12/2022,8:5:58,Stop_ESD
541,1/11/2022,16:11:37,Cambio de referencia remota a 60 Hz
540,1/11/2022,16:11:35,Cambio de referencia remota a 57 Hz
539,1/11/2022,15:38:21,Cambio de referencia remota a 60 Hz
538,1/11/2022,15:38:17,Cambio de referencia remota a 58 Hz
537,1/11/2022,15:30:13,Cambio de referencia remota a 60 Hz
536,1/11/2022,15:30:11,Cambio de referencia remota a 59 Hz
535,1/11/2022,15:28:47,Cambio de referencia remota a 60 Hz
534,1/11/2022,15:28:47,Parada remota CILA2S exitosa
533,1/11/2022,15:28:47,Parada remota CILA2S fallida
532,1/11/2022,15:28:46,Parada remota CILA2S fallida
531,1/11/2022,15:28:46,Parada remota CILA2S fallida
530,1/11/2022,15:28:46,Parada remota CILA2S exitosa
529,1/11/2022,15:28:46,Parada remota CILA2S fallida
528,1/11/2022,15:28:46,Parada remota CILA2S exitosa
527,1/11/2022,15:28:45,Stop_ESD
526,12/16/2021,12:37:44,Cambio de referencia remota a 0 Hz
525,12/16/2021,12:37:42,Parada remota CILA2S fallida
524,12/16/2021,12:37:42,Parada remota CILA2S fallida
523,12/16/2021,12:37:41,Parada remota CILA2S fallida
522,12/16/2021,12:37:41,Stop_ESD
521,12/16/2021,11:5:40,Parada remota CILA2S exitosa
520,12/16/2021,11:5:40,Parada remota CILA2S exitosa
519,12/16/2021,11:5:39,Stop
518,12/16/2021,11:5:35,Falla de C2S: 4
517,12/16/2021,11:4:7,Parada remota CILA2S exitosa
516,12/16/2021,11:4:7,Parada remota CILA2S exitosa
515,12/16/2021,11:4:7,Stop
514,12/16/2021,10:42:25,Cambio de referencia remota a 60 Hz
513,12/16/2021,10:40:15,Cambio de referencia remota a 50 Hz
512,12/16/2021,10:38:54,Arranque remoto CILA2S exitoso
511,12/16/2021,10:38:54,Arranque remoto CILA2S exitoso
510,12/16/2021,10:38:52,Start
509,12/16/2021,10:38:52,Cambio de referencia remota a 40 Hz
508,12/16/2021,10:36:13,Cambio de referencia remota a 60 Hz
507,12/16/2021,10:36:10,Cambio de referencia remota a 59 Hz
506,12/16/2021,10:35:45,Cambio de referencia remota a 60 Hz
505,12/16/2021,10:35:42,Cambio de referencia remota a 59 Hz
504,12/16/2021,10:34:58,Cambio de referencia remota a 60 Hz
503,12/16/2021,10:34:57,Cambio de referencia remota a 58 Hz
502,12/16/2021,10:34:51,Cambio de referencia remota a 60 Hz
501,12/16/2021,10:34:50,Parada remota CILA2S exitosa
500,12/16/2021,10:34:50,Parada remota CILA2S fallida
499,12/16/2021,10:34:50,Parada remota CILA2S exitosa
498,12/16/2021,10:34:50,Parada remota CILA2S fallida
497,12/16/2021,10:34:50,Parada remota CILA2S exitosa
496,12/16/2021,10:34:49,Parada remota CILA2S fallida
495,12/16/2021,10:34:49,Parada remota CILA2S fallida
494,12/16/2021,10:34:48,Stop_ESD
493,12/16/2021,8:8:6,Parada remota CILA2S exitosa
492,12/16/2021,8:8:6,Parada remota CILA2S exitosa
491,12/16/2021,8:8:6,Stop
490,12/16/2021,8:8:3,Falla de C2S: 4
489,12/16/2021,8:7:57,Cambio de referencia remota a 60 Hz
488,12/16/2021,8:7:52,Cambio de referencia remota a 59 Hz
487,12/16/2021,8:7:40,Cambio de referencia remota a 60 Hz
486,12/16/2021,8:7:25,Cambio de referencia remota a 59 Hz
485,12/16/2021,8:7:9,Parada remota CILA2S exitosa
484,12/16/2021,8:7:9,Parada remota CILA2S exitosa
483,12/16/2021,8:7:8,Stop
482,12/16/2021,8:7:2,Cambio de referencia remota a 60 Hz
481,12/16/2021,8:6:52,Cambio de referencia remota a 59 Hz
480,12/16/2021,8:6:50,Cambio de referencia remota a 60 Hz
479,12/16/2021,8:6:47,Cambio de referencia remota a 59 Hz
478,12/16/2021,8:6:32,Cambio de referencia remota a 60 Hz
477,12/16/2021,8:6:17,Cambio de referencia remota a 59 Hz
476,12/16/2021,8:5:42,Cambio de referencia remota a 60 Hz
475,12/16/2021,8:5:35,Cambio de referencia remota a 59 Hz
474,12/16/2021,8:5:22,Cambio de referencia remota a 60 Hz
473,12/16/2021,8:5:20,Cambio de referencia remota a 59 Hz
472,12/16/2021,8:5:15,Cambio de referencia remota a 60 Hz
471,12/16/2021,8:5:10,Cambio de referencia remota a 59 Hz
470,12/16/2021,8:4:45,Cambio de referencia remota a 60 Hz
469,12/16/2021,8:4:27,Cambio de referencia remota a 59 Hz
468,12/16/2021,8:4:15,Cambio de referencia remota a 60 Hz
467,12/16/2021,8:3:42,Cambio de referencia remota a 59 Hz
466,12/16/2021,7:56:12,Cambio de referencia remota a 60 Hz
465,12/16/2021,7:45:17,Cambio de referencia remota a 50 Hz
464,12/16/2021,7:37:22,Cambio de referencia remota a 40 Hz
463,12/16/2021,7:34:9,Arranque remoto CILA2S exitoso
462,12/16/2021,7:34:9,Arranque remoto CILA2S exitoso
461,12/16/2021,7:34:7,Start
460,12/16/2021,7:33:37,Cambio de referencia remota a 30 Hz
459,12/16/2021,7:33:27,Cambio de referencia remota a 0 Hz
458,12/16/2021,7:33:25,Cambio de referencia remota a 60 Hz
457,12/16/2021,7:33:22,Arranque remoto CILA2S exitoso
456,12/16/2021,7:33:22,Arranque remoto CILA2S fallido
455,12/16/2021,7:33:22,Arranque remoto CILA2S exitoso
454,12/16/2021,7:33:22,Arranque remoto CILA2S fallido
453,12/16/2021,7:33:20,Arranque remoto CILA2S exitoso
452,12/16/2021,7:33:20,Arranque remoto CILA2S fallido
451,12/16/2021,7:33:20,Arranque remoto CILA2S exitoso
450,12/16/2021,7:33:19,Arranque remoto CILA2S fallido
449,12/16/2021,7:33:19,Arranque remoto CILA2S exitoso
448,12/16/2021,7:33:19,Arranque remoto CILA2S fallido
447,12/16/2021,7:33:19,Arranque remoto CILA2S exitoso
446,12/16/2021,7:33:19,Arranque remoto CILA2S fallido
445,12/16/2021,7:33:19,Arranque remoto CILA2S exitoso
444,12/16/2021,7:33:18,Arranque remoto CILA2S exitoso
443,12/16/2021,7:33:18,Arranque remoto CILA2S exitoso
442,12/16/2021,7:33:18,Arranque remoto CILA2S fallido
441,12/16/2021,7:33:18,Arranque remoto CILA2S exitoso
440,12/16/2021,7:33:17,Cambio de referencia remota a 0 Hz
439,12/16/2021,7:33:17,Start
438,12/16/2021,7:33:9,Cambio de referencia remota a 60 Hz
437,12/16/2021,7:33:2,Cambio de referencia remota a 0 Hz
436,12/16/2021,7:32:59,Cambio de referencia remota a 60 Hz
435,12/16/2021,7:32:57,Cambio de referencia remota a 0 Hz
434,12/16/2021,7:32:34,Cambio de referencia remota a 60 Hz
433,12/16/2021,7:32:29,Cambio de referencia remota a 0 Hz
432,12/16/2021,7:32:2,Cambio de referencia remota a 60 Hz
431,12/16/2021,7:31:57,Cambio de referencia remota a 0 Hz
430,12/16/2021,7:31:34,Cambio de referencia remota a 60 Hz
429,12/16/2021,7:31:32,Cambio de referencia remota a 0 Hz
428,12/16/2021,7:31:22,Cambio de referencia remota a 60 Hz
427,12/16/2021,7:31:17,Cambio de referencia remota a 0 Hz
426,12/16/2021,7:31:12,Cambio de referencia remota a 60 Hz
425,12/16/2021,7:30:57,Cambio de referencia remota a 0 Hz
424,12/16/2021,7:30:54,Cambio de referencia remota a 60 Hz
423,12/16/2021,6:42:8,Parada remota CILA2S fallida
422,12/16/2021,6:42:7,Parada remota CILA2S fallida
421,12/16/2021,6:42:7,Cambio de referencia remota a 0 Hz
420,12/16/2021,6:42:7,Parada remota CILA2S fallida
419,12/16/2021,6:42:6,Stop_ESD
418,12/14/2021,8:45:15,Cambio de referencia remota a 0 Hz
417,12/14/2021,8:45:13,Parada remota CILA2S fallida
416,12/14/2021,8:45:13,Parada remota CILA2S fallida
415,12/14/2021,8:45:12,Parada remota CILA2S fallida
414,12/14/2021,8:45:12,Stop_ESD
413,12/13/2021,18:12:4,Parada remota CILA2S exitosa
412,12/13/2021,18:12:4,Parada remota CILA2S exitosa
411,12/13/2021,18:12:3,Stop
410,12/13/2021,18:12:0,Falla de C2S: 4
409,12/13/2021,18:10:35,Parada local CILA2S exitosa
408,12/13/2021,18:5:28,Admin Loged
407,12/13/2021,18:1:7,Cambio de referencia remota a 60 Hz
406,12/13/2021,17:59:52,Cambio de referencia remota a 55 Hz
405,12/13/2021,17:59:50,Cambio de referencia remota a 54 Hz
404,12/13/2021,17:51:50,Cambio de referencia remota a 55 Hz
403,12/13/2021,17:51:47,Cambio de referencia remota a 54 Hz
402,12/13/2021,17:45:2,Cambio de referencia remota a 55 Hz
401,12/13/2021,17:44:42,Cambio de referencia remota a 56 Hz
400,12/13/2021,17:43:54,Cambio de referencia remota a 55 Hz
399,12/13/2021,17:40:12,Admin Loged
398,12/13/2021,17:31:20,Cambio de referencia remota a 50 Hz
397,12/13/2021,17:31:17,Cambio de referencia remota a 48 Hz
396,12/13/2021,17:30:24,Cambio de referencia remota a 50 Hz
395,12/13/2021,17:30:22,Cambio de referencia remota a 46 Hz
394,12/13/2021,17:20:10,Cambio de referencia remota a 50 Hz
393,12/13/2021,17:20:8,Cambio de referencia remota a 51 Hz
392,12/13/2021,17:14:27,Cambio de referencia remota a 50 Hz
391,12/13/2021,17:7:35,Cambio de referencia remota a 45 Hz
390,12/13/2021,17:7:26,Cambio de referencia remota a 48 Hz
389,12/13/2021,17:7:20,Cambio de referencia remota a 45 Hz
388,12/13/2021,17:7:18,Cambio de referencia remota a 42 Hz
387,12/13/2021,17:7:3,Cambio de referencia remota a 45 Hz
386,12/13/2021,17:6:58,Cambio de referencia remota a 43 Hz
385,12/13/2021,17:6:40,Cambio de referencia remota a 45 Hz
384,12/13/2021,17:6:40,Modo de control: Remoto
383,12/13/2021,17:2:21,Cambio de velocidad exitoso a 45 Hz
382,12/13/2021,17:2:10,Admin Loged
381,12/13/2021,16:43:40,Cambio de velocidad exitoso a 40 Hz
380,12/13/2021,16:43:23,Admin Loged
379,12/13/2021,16:26:50,Cambio de velocidad exitoso a 37 Hz
378,12/13/2021,16:26:35,Admin Loged
377,12/13/2021,16:20:10,Modo de control: Local
376,12/13/2021,16:18:40,Cambio de referencia remota a 35 Hz
375,12/13/2021,16:17:57,Cambio de referencia remota a 34 Hz
374,12/13/2021,16:17:8,Modo de control: Remoto
373,12/13/2021,16:15:36,Cambio de velocidad exitoso a 35 Hz
372,12/13/2021,16:15:29,Modo de control: Local
371,12/13/2021,16:15:15,Cambio de referencia remota a 32 Hz
370,12/13/2021,16:15:12,Cambio de referencia remota a 35 Hz
369,12/13/2021,16:15:7,Modo de control: Remoto
368,12/13/2021,16:15:0,Cambio de referencia remota a 32 Hz
367,12/13/2021,16:14:57,Cambio de referencia remota a 28 Hz
366,12/13/2021,16:14:51,Modo de control: Remoto
365,12/13/2021,16:13:51,Cambio de velocidad exitoso a 35 Hz
364,12/13/2021,16:13:49,Modo de control: Local
363,12/13/2021,16:13:47,Cambio de referencia remota a 32 Hz
362,12/13/2021,16:13:45,Cambio de referencia remota a 35 Hz
361,12/13/2021,16:13:32,Cambio de referencia remota a 32 Hz
360,12/13/2021,16:13:30,Cambio de referencia remota a 28 Hz
359,12/13/2021,16:13:25,Cambio de referencia remota a 32 Hz
358,12/13/2021,16:13:24,Modo de control: Remoto
357,12/13/2021,16:3:50,Cambio de velocidad exitoso a 35 Hz
356,12/13/2021,16:3:29,Cambio de velocidad exitoso a 33 Hz
355,12/13/2021,16:3:13,Modo de control: Local
354,12/13/2021,16:3:12,Cambio de referencia remota a 34 Hz
353,12/13/2021,16:3:4,Admin Loged
352,12/13/2021,16:2:27,Cambio de referencia remota a 32 Hz
351,12/13/2021,16:2:25,Cambio de referencia remota a 30 Hz
350,12/13/2021,16:2:17,Cambio de referencia remota a 32 Hz
349,12/13/2021,16:2:15,Cambio de referencia remota a 28 Hz
348,12/13/2021,15:56:28,Cambio de velocidad exitoso a 35 Hz
347,12/13/2021,15:52:17,Cambio de velocidad exitoso a 33 Hz
346,12/13/2021,15:52:6,Admin Loged
345,12/13/2021,15:51:21,Modo de control: Local
344,12/13/2021,15:51:9,Cambio de referencia remota a 32 Hz
343,12/13/2021,15:51:7,Cambio de referencia remota a 30 Hz
342,12/13/2021,15:50:57,Cambio de referencia remota a 32 Hz
341,12/13/2021,15:50:54,Cambio de referencia remota a 29 Hz
340,12/13/2021,15:50:37,Cambio de referencia remota a 32 Hz
339,12/13/2021,15:50:34,Cambio de referencia remota a 34 Hz
338,12/13/2021,15:36:30,Cambio de velocidad exitoso a 33 Hz
337,12/13/2021,15:34:30,Referencia  por entrada analógica fuera de límites
336,12/13/2021,15:32:5,Modo de control: Local
335,12/13/2021,15:31:51,Cambio de referencia remota a 32 Hz
334,12/13/2021,15:31:49,Cambio de referencia remota a 29 Hz
333,12/13/2021,15:31:46,Cambio de referencia remota a 30 Hz
332,12/13/2021,15:31:30,Admin Loged
331,12/13/2021,15:31:24,Cambio de referencia remota a 32 Hz
330,12/13/2021,15:31:21,Cambio de referencia remota a 28 Hz
329,12/13/2021,15:31:4,Cambio de referencia remota a 32 Hz
328,12/13/2021,15:31:1,Cambio de referencia remota a 28 Hz
327,12/13/2021,15:30:54,Cambio de referencia remota a 32 Hz
326,12/13/2021,15:30:51,Cambio de referencia remota a 34 Hz
325,12/13/2021,15:30:24,Cambio de referencia remota a 32 Hz
324,12/13/2021,15:30:21,Cambio de referencia remota a 31 Hz
323,12/13/2021,15:30:4,Cambio de referencia remota a 32 Hz
322,12/13/2021,15:30:1,Cambio de referencia remota a 33 Hz
321,12/13/2021,15:29:36,Cambio de referencia remota a 32 Hz
320,12/13/2021,15:29:34,Cambio de referencia remota a 33 Hz
319,12/13/2021,15:28:46,Cambio de referencia remota a 32 Hz
318,12/13/2021,15:28:44,Cambio de referencia remota a 29 Hz
317,12/13/2021,15:28:34,Cambio de referencia remota a 32 Hz
316,12/13/2021,15:28:31,Cambio de referencia remota a 36 Hz
315,12/13/2021,15:28:16,Cambio de referencia remota a 32 Hz
314,12/13/2021,15:28:14,Cambio de referencia remota a 30 Hz
313,12/13/2021,15:27:44,Cambio de referencia remota a 32 Hz
312,12/13/2021,15:27:41,Cambio de referencia remota a 29 Hz
311,12/13/2021,15:27:11,Cambio de referencia remota a 32 Hz
310,12/13/2021,15:27:9,Cambio de referencia remota a 34 Hz
309,12/13/2021,15:26:59,Cambio de referencia remota a 32 Hz
308,12/13/2021,15:26:56,Cambio de referencia remota a 33 Hz
307,12/13/2021,15:26:46,Cambio de referencia remota a 32 Hz
306,12/13/2021,15:26:44,Cambio de referencia remota a 31 Hz
305,12/13/2021,15:26:31,Cambio de referencia remota a 32 Hz
304,12/13/2021,15:26:29,Cambio de referencia remota a 29 Hz
303,12/13/2021,15:26:11,Cambio de referencia remota a 32 Hz
302,12/13/2021,15:26:9,Cambio de referencia remota a 36 Hz
301,12/13/2021,15:25:59,Cambio de referencia remota a 32 Hz
300,12/13/2021,15:25:56,Cambio de referencia remota a 31 Hz
299,12/13/2021,15:25:29,Cambio de referencia remota a 32 Hz
298,12/13/2021,15:25:26,Cambio de referencia remota a 30 Hz
297,12/13/2021,15:25:14,Cambio de referencia remota a 32 Hz
296,12/13/2021,15:25:11,Cambio de referencia remota a 28 Hz
295,12/13/2021,15:24:24,Cambio de referencia remota a 32 Hz
294,12/13/2021,15:24:21,Cambio de referencia remota a 31 Hz
293,12/13/2021,15:24:9,Cambio de referencia remota a 32 Hz
292,12/13/2021,15:24:6,Cambio de referencia remota a 29 Hz
291,12/13/2021,15:24:4,Cambio de referencia remota a 32 Hz
290,12/13/2021,15:24:1,Cambio de referencia remota a 30 Hz
289,12/13/2021,15:23:49,Cambio de referencia remota a 32 Hz
288,12/13/2021,15:23:46,Cambio de referencia remota a 31 Hz
287,12/13/2021,15:23:29,Cambio de referencia remota a 32 Hz
286,12/13/2021,15:23:26,Cambio de referencia remota a 34 Hz
285,12/13/2021,15:22:59,Cambio de referencia remota a 32 Hz
284,12/13/2021,15:22:56,Cambio de referencia remota a 28 Hz
283,12/13/2021,15:22:39,Cambio de referencia remota a 32 Hz
282,12/13/2021,15:22:36,Cambio de referencia remota a 28 Hz
281,12/13/2021,15:22:19,Cambio de referencia remota a 32 Hz
280,12/13/2021,15:22:16,Cambio de referencia remota a 33 Hz
279,12/13/2021,15:21:49,Cambio de referencia remota a 32 Hz
278,12/13/2021,15:21:46,Cambio de referencia remota a 30 Hz
277,12/13/2021,15:21:36,Cambio de referencia remota a 32 Hz
276,12/13/2021,15:21:34,Cambio de referencia remota a 35 Hz
275,12/13/2021,15:21:16,Cambio de referencia remota a 32 Hz
274,12/13/2021,15:21:14,Cambio de referencia remota a 31 Hz
273,12/13/2021,15:21:4,Cambio de referencia remota a 32 Hz
272,12/13/2021,15:21:1,Cambio de referencia remota a 35 Hz
271,12/13/2021,15:20:49,Cambio de referencia remota a 32 Hz
270,12/13/2021,15:20:46,Cambio de referencia remota a 33 Hz
269,12/13/2021,15:20:24,Cambio de referencia remota a 32 Hz
268,12/13/2021,15:20:21,Cambio de referencia remota a 35 Hz
267,12/13/2021,15:20:9,Cambio de referencia remota a 32 Hz
266,12/13/2021,15:20:6,Cambio de referencia remota a 29 Hz
265,12/13/2021,15:19:49,Cambio de referencia remota a 32 Hz
264,12/13/2021,15:19:46,Cambio de referencia remota a 33 Hz
263,12/13/2021,15:19:21,Cambio de referencia remota a 32 Hz
262,12/13/2021,15:19:19,Cambio de referencia remota a 28 Hz
261,12/13/2021,15:19:14,Cambio de referencia remota a 32 Hz
260,12/13/2021,15:19:11,Cambio de referencia remota a 31 Hz
259,12/13/2021,15:19:9,Cambio de referencia remota a 35 Hz
258,12/13/2021,15:18:51,Cambio de referencia remota a 32 Hz
257,12/13/2021,15:18:49,Cambio de referencia remota a 33 Hz
256,12/13/2021,15:18:31,Cambio de referencia remota a 32 Hz
255,12/13/2021,15:18:16,Cambio de referencia remota a 31 Hz
254,12/13/2021,15:18:14,Cambio de referencia remota a 28 Hz
253,12/13/2021,15:18:9,Cambio de referencia remota a 31 Hz
252,12/13/2021,15:18:6,Cambio de referencia remota a 28 Hz
251,12/13/2021,15:17:41,Cambio de referencia remota a 31 Hz
250,12/13/2021,15:17:39,Cambio de referencia remota a 32 Hz
249,12/13/2021,15:17:36,Cambio de referencia remota a 31 Hz
248,12/13/2021,15:17:34,Cambio de referencia remota a 29 Hz
247,12/13/2021,15:16:56,Cambio de referencia remota a 31 Hz
246,12/13/2021,15:16:54,Cambio de referencia remota a 35 Hz
245,12/13/2021,15:16:24,Cambio de referencia remota a 31 Hz
244,12/13/2021,15:16:21,Cambio de referencia remota a 33 Hz
243,12/13/2021,15:16:4,Cambio de referencia remota a 31 Hz
242,12/13/2021,15:16:1,Cambio de referencia remota a 34 Hz
241,12/13/2021,15:15:44,Cambio de referencia remota a 31 Hz
240,12/13/2021,15:15:41,Cambio de referencia remota a 28 Hz
239,12/13/2021,15:14:54,Cambio de referencia remota a 31 Hz
238,12/13/2021,15:14:51,Cambio de referencia remota a 34 Hz
237,12/13/2021,15:14:39,Cambio de referencia remota a 31 Hz
236,12/13/2021,15:14:36,Cambio de referencia remota a 34 Hz
235,12/13/2021,15:14:19,Cambio de referencia remota a 31 Hz
234,12/13/2021,15:14:16,Cambio de referencia remota a 33 Hz
233,12/13/2021,15:14:14,Cambio de referencia remota a 31 Hz
232,12/13/2021,15:14:11,Cambio de referencia remota a 27 Hz
231,12/13/2021,15:13:59,Cambio de referencia remota a 31 Hz
230,12/13/2021,15:13:56,Cambio de referencia remota a 29 Hz
229,12/13/2021,15:13:44,Cambio de referencia remota a 31 Hz
228,12/13/2021,15:13:41,Cambio de referencia remota a 27 Hz
227,12/13/2021,15:13:24,Cambio de referencia remota a 31 Hz
226,12/13/2021,15:13:21,Cambio de referencia remota a 33 Hz
225,12/13/2021,15:13:4,Cambio de referencia remota a 31 Hz
224,12/13/2021,15:13:1,Cambio de referencia remota a 34 Hz
223,12/13/2021,15:12:34,Cambio de referencia remota a 31 Hz
222,12/13/2021,15:12:31,Cambio de referencia remota a 28 Hz
221,12/13/2021,15:12:21,Cambio de referencia remota a 31 Hz
220,12/13/2021,15:12:19,Cambio de referencia remota a 27 Hz
219,12/13/2021,15:11:54,Cambio de referencia remota a 31 Hz
218,12/13/2021,15:11:51,Cambio de referencia remota a 27 Hz
217,12/13/2021,15:11:24,Cambio de referencia remota a 31 Hz
216,12/13/2021,15:11:21,Cambio de referencia remota a 29 Hz
215,12/13/2021,15:11:1,Cambio de referencia remota a 31 Hz
214,12/13/2021,15:10:59,Cambio de referencia remota a 30 Hz
213,12/13/2021,15:10:51,Cambio de referencia remota a 31 Hz
212,12/13/2021,15:10:49,Cambio de referencia remota a 30 Hz
211,12/13/2021,15:10:46,Cambio de referencia remota a 29 Hz
210,12/13/2021,15:10:29,Cambio de referencia remota a 30 Hz
209,12/13/2021,15:10:26,Cambio de referencia remota a 33 Hz
208,12/13/2021,15:9:59,Cambio de referencia remota a 30 Hz
207,12/13/2021,15:9:56,Cambio de referencia remota a 26 Hz
206,12/13/2021,15:9:46,Cambio de referencia remota a 30 Hz
205,12/13/2021,15:9:44,Cambio de referencia remota a 27 Hz
204,12/13/2021,15:9:16,Cambio de referencia remota a 30 Hz
203,12/13/2021,15:9:14,Cambio de referencia remota a 27 Hz
202,12/13/2021,15:8:59,Cambio de referencia remota a 30 Hz
201,12/13/2021,15:8:56,Cambio de referencia remota a 26 Hz
200,12/13/2021,15:8:31,Cambio de referencia remota a 30 Hz
199,12/13/2021,15:8:29,Cambio de referencia remota a 29 Hz
198,12/13/2021,15:8:11,Cambio de referencia remota a 30 Hz
197,12/13/2021,15:8:9,Cambio de referencia remota a 33 Hz
196,12/13/2021,15:7:24,Cambio de referencia remota a 30 Hz
195,12/13/2021,15:7:21,Cambio de referencia remota a 28 Hz
194,12/13/2021,15:7:6,Cambio de referencia remota a 30 Hz
193,12/13/2021,15:7:3,Cambio de referencia remota a 28 Hz
192,12/13/2021,15:7:1,Cambio de referencia remota a 26 Hz
191,12/13/2021,15:6:59,Stop
190,12/13/2021,15:6:53,Cambio de referencia remota a 30 Hz
189,12/13/2021,15:6:51,Cambio de referencia remota a 32 Hz
188,12/13/2021,15:6:41,Cambio de referencia remota a 30 Hz
187,12/13/2021,15:6:38,Cambio de referencia remota a 31 Hz
186,12/13/2021,15:6:24,Cambio de referencia remota a 30 Hz
185,12/13/2021,15:6:21,Cambio de referencia remota a 32 Hz
184,12/13/2021,15:6:18,Cambio de referencia remota a 28 Hz
183,12/13/2021,15:5:51,Cambio de referencia remota a 30 Hz
182,12/13/2021,15:5:48,Cambio de referencia remota a 32 Hz
181,12/13/2021,15:5:36,Cambio de referencia remota a 30 Hz
180,12/13/2021,15:5:33,Cambio de referencia remota a 29 Hz
179,12/13/2021,15:5:31,Cambio de referencia remota a 30 Hz
178,12/13/2021,15:5:28,Cambio de referencia remota a 26 Hz
177,12/13/2021,15:5:3,Cambio de referencia remota a 30 Hz
176,12/13/2021,15:5:1,Cambio de referencia remota a 26 Hz
175,12/13/2021,15:4:48,Cambio de referencia remota a 30 Hz
174,12/13/2021,15:4:46,Cambio de referencia remota a 31 Hz
173,12/13/2021,15:4:29,Cambio de referencia remota a 30 Hz
172,12/13/2021,15:4:26,Cambio de referencia remota a 33 Hz
171,12/13/2021,15:4:8,Cambio de referencia remota a 30 Hz
170,12/13/2021,15:4:6,Cambio de referencia remota a 33 Hz
169,12/13/2021,15:3:58,Cambio de referencia remota a 30 Hz
168,12/13/2021,15:3:56,Cambio de referencia remota a 33 Hz
167,12/13/2021,15:3:43,Admin Loged
166,12/13/2021,15:3:43,Cambio de referencia remota a 30 Hz
165,12/13/2021,15:3:41,Cambio de referencia remota a 32 Hz
164,12/13/2021,15:3:38,Cambio de referencia remota a 30 Hz
163,12/13/2021,15:3:36,Cambio de referencia remota a 27 Hz
162,12/13/2021,15:3:11,Cambio de referencia remota a 30 Hz
161,12/13/2021,15:3:8,Cambio de referencia remota a 34 Hz
160,12/13/2021,15:2:56,Cambio de referencia remota a 30 Hz
159,12/13/2021,15:2:53,Cambio de referencia remota a 32 Hz
158,12/13/2021,15:2:51,Cambio de referencia remota a 30 Hz
157,12/13/2021,15:2:49,Cambio de referencia remota a 28 Hz
156,12/13/2021,15:2:36,Cambio de referencia remota a 30 Hz
155,12/13/2021,15:2:34,Cambio de referencia remota a 32 Hz
154,12/13/2021,15:2:23,Cambio de referencia remota a 30 Hz
153,12/13/2021,15:2:21,Cambio de referencia remota a 28 Hz
152,12/13/2021,15:2:6,Cambio de referencia remota a 30 Hz
151,12/13/2021,15:2:4,Cambio de referencia remota a 28 Hz
150,12/13/2021,15:1:53,Cambio de referencia remota a 30 Hz
149,12/13/2021,15:1:51,Cambio de referencia remota a 27 Hz
148,12/13/2021,15:1:49,Cambio de referencia remota a 30 Hz
147,12/13/2021,15:1:46,Cambio de referencia remota a 33 Hz
146,12/13/2021,15:1:34,Cambio de referencia remota a 30 Hz
145,12/13/2021,15:1:31,Cambio de referencia remota a 32 Hz
144,12/13/2021,15:1:6,Cambio de referencia remota a 30 Hz
143,12/13/2021,15:1:4,Cambio de referencia remota a 32 Hz
142,12/13/2021,15:0:48,Cambio de referencia remota a 30 Hz
141,12/13/2021,15:0:46,Cambio de referencia remota a 31 Hz
140,12/13/2021,15:0:36,Cambio de referencia remota a 30 Hz
139,12/13/2021,15:0:33,Cambio de referencia remota a 32 Hz
138,12/13/2021,15:0:18,Cambio de referencia remota a 30 Hz
137,12/13/2021,15:0:16,Cambio de referencia remota a 32 Hz
136,12/13/2021,15:0:6,Cambio de referencia remota a 30 Hz
135,12/13/2021,15:0:3,Cambio de referencia remota a 29 Hz
134,12/13/2021,14:59:51,Cambio de referencia remota a 30 Hz
133,12/13/2021,14:59:48,Cambio de referencia remota a 32 Hz
132,12/13/2021,14:59:46,Cambio de referencia remota a 30 Hz
131,12/13/2021,14:59:43,Cambio de referencia remota a 33 Hz
130,12/13/2021,14:59:36,Cambio de referencia remota a 30 Hz
129,12/13/2021,14:59:33,Cambio de referencia remota a 32 Hz
128,12/13/2021,14:59:31,Cambio de referencia remota a 34 Hz
127,12/13/2021,14:59:13,Cambio de referencia remota a 30 Hz
126,12/13/2021,14:59:11,Cambio de referencia remota a 29 Hz
125,12/13/2021,14:58:58,Cambio de referencia remota a 30 Hz
124,12/13/2021,14:58:56,Cambio de referencia remota a 31 Hz
123,12/13/2021,14:58:38,Cambio de referencia remota a 30 Hz
122,12/13/2021,14:58:36,Cambio de referencia remota a 34 Hz
121,12/13/2021,14:57:51,Cambio de referencia remota a 30 Hz
120,12/13/2021,14:57:48,Cambio de referencia remota a 33 Hz
119,12/13/2021,14:57:36,Cambio de referencia remota a 30 Hz
118,12/13/2021,14:57:33,Cambio de referencia remota a 29 Hz
117,12/13/2021,14:57:26,Cambio de referencia remota a 30 Hz
116,12/13/2021,14:57:23,Cambio de referencia remota a 29 Hz
115,12/13/2021,14:57:8,Cambio de referencia remota a 30 Hz
114,12/13/2021,14:57:6,Cambio de referencia remota a 32 Hz
113,12/13/2021,14:56:48,Cambio de referencia remota a 30 Hz
112,12/13/2021,14:56:46,Cambio de referencia remota a 33 Hz
111,12/13/2021,14:56:33,Cambio de referencia remota a 30 Hz
110,12/13/2021,14:56:31,Cambio de referencia remota a 33 Hz
109,12/13/2021,14:56:28,Cambio de referencia remota a 30 Hz
108,12/13/2021,14:56:26,Cambio de referencia remota a 28 Hz
107,12/13/2021,14:56:6,Cambio de referencia remota a 30 Hz
106,12/13/2021,14:56:3,Cambio de referencia remota a 31 Hz
105,12/13/2021,14:55:56,Cambio de referencia remota a 30 Hz
104,12/13/2021,14:55:53,Cambio de referencia remota a 28 Hz
103,12/13/2021,14:55:31,Cambio de referencia remota a 30 Hz
102,12/13/2021,14:55:28,Cambio de referencia remota a 31 Hz
101,12/13/2021,14:55:26,Cambio de referencia remota a 28 Hz
100,12/13/2021,14:55:16,Cambio de referencia remota a 30 Hz
99,12/13/2021,14:55:13,Cambio de referencia remota a 27 Hz
98,12/13/2021,14:55:11,Cambio de referencia remota a 30 Hz
97,12/13/2021,14:55:8,Cambio de referencia remota a 27 Hz
96,12/13/2021,14:54:56,Cambio de referencia remota a 30 Hz
95,12/13/2021,14:54:53,Cambio de referencia remota a 26 Hz
94,12/13/2021,14:54:6,Cambio de referencia remota a 30 Hz
93,12/13/2021,14:54:3,Cambio de referencia remota a 34 Hz
92,12/13/2021,14:54:1,Cambio de referencia remota a 26 Hz
91,12/13/2021,14:53:46,Cambio de referencia remota a 30 Hz
90,12/13/2021,14:53:43,Cambio de referencia remota a 33 Hz
89,12/13/2021,14:52:51,Cambio de referencia remota a 30 Hz
88,12/13/2021,14:52:48,Cambio de referencia remota a 27 Hz
87,12/13/2021,14:52:41,Cambio de referencia remota a 30 Hz
86,12/13/2021,14:52:38,Cambio de referencia remota a 32 Hz
85,12/13/2021,14:52:36,Cambio de referencia remota a 27 Hz
84,12/13/2021,14:52:21,Cambio de referencia remota a 30 Hz
83,12/13/2021,14:52:18,Cambio de referencia remota a 31 Hz
82,12/13/2021,14:52:16,Cambio de referencia remota a 28 Hz
81,12/13/2021,14:52:10,Modo de control: Remoto
80,12/13/2021,14:42:39,Arranque local CILA2S exitoso
79,12/13/2021,14:42:14,Arranque local CILA2S exitoso
78,12/13/2021,14:42:6,Parada local CILA2S exitosa
77,12/13/2021,14:42:5,Arranque local CILA2S exitoso
76,12/13/2021,14:41:55,Parada local CILA2S exitosa
75,12/13/2021,14:41:53,Arranque local CILA2S exitoso
74,12/13/2021,14:41:42,Cambio de velocidad exitoso a 30 Hz
73,12/13/2021,14:41:33,Cambio de velocidad exitoso a 31 Hz
72,12/13/2021,14:41:26,Cambio de velocidad exitoso a 30 Hz
71,12/13/2021,14:41:18,Cambio de velocidad exitoso a 30 Hz
70,12/13/2021,14:41:12,Cambio de velocidad exitoso a 30 Hz
69,12/13/2021,14:41:1,Cambio de velocidad exitoso a 30 Hz
68,12/13/2021,14:40:19,Admin Loged
67,12/13/2021,13:48:45,Modo de control: Local
66,12/13/2021,13:48:37,Admin Loged
65,12/13/2021,13:47:36,Admin Loged
64,12/13/2021,10:42:42,Falla de C2S: 4
63,12/13/2021,10:42:17,Arranque local CILA2S exitoso
62,12/13/2021,10:40:30,Cambio de velocidad exitoso a 30 Hz
61,12/13/2021,10:40:30,Cambio de velocidad fallido!
60,12/13/2021,10:40:29,Cambio de velocidad exitoso a 30 Hz
59,12/13/2021,10:40:29,Cambio de velocidad fallido!
58,12/13/2021,10:40:29,Cambio de velocidad exitoso a 30 Hz
57,12/13/2021,10:40:29,Cambio de velocidad fallido!
56,12/13/2021,10:40:29,Cambio de velocidad exitoso a 30 Hz
55,12/13/2021,10:40:29,Cambio de velocidad fallido!
54,12/13/2021,10:40:29,Cambio de velocidad exitoso a 30 Hz
53,12/13/2021,10:40:29,Cambio de velocidad fallido!
52,12/13/2021,10:40:29,Cambio de velocidad exitoso a 30 Hz
51,12/13/2021,10:40:29,Cambio de velocidad fallido!
50,12/13/2021,10:40:28,Cambio de velocidad exitoso a 30 Hz
49,12/13/2021,10:40:28,Cambio de velocidad fallido!
48,12/13/2021,10:40:28,Cambio de velocidad exitoso a 30 Hz
47,12/13/2021,10:40:28,Cambio de velocidad fallido!
46,12/13/2021,10:40:28,Cambio de velocidad exitoso a 30 Hz
45,12/13/2021,10:40:28,Cambio de velocidad fallido!
44,12/13/2021,10:40:28,Cambio de velocidad exitoso a 30 Hz
43,12/13/2021,10:40:28,Cambio de velocidad fallido!
42,12/13/2021,10:40:28,Cambio de velocidad exitoso a 30 Hz
41,12/13/2021,10:40:28,Cambio de velocidad fallido!
40,12/13/2021,10:40:28,Cambio de velocidad fallido!
39,12/13/2021,10:40:28,Cambio de velocidad fallido!
38,12/13/2021,10:40:28,Cambio de velocidad fallido!
37,12/13/2021,10:40:28,Cambio de velocidad exitoso a 30 Hz
36,12/13/2021,10:40:27,Cambio de velocidad fallido!
35,12/13/2021,10:40:27,Cambio de velocidad exitoso a 30 Hz
34,12/13/2021,10:40:27,Cambio de velocidad fallido!
33,12/13/2021,10:40:27,Cambio de velocidad exitoso a 30 Hz
32,12/13/2021,10:40:27,Cambio de velocidad fallido!
31,12/13/2021,10:40:27,Cambio de velocidad exitoso a 30 Hz
30,12/13/2021,10:40:27,Cambio de velocidad fallido!
29,12/13/2021,10:40:27,Cambio de velocidad exitoso a 30 Hz
28,12/13/2021,10:40:27,Cambio de velocidad fallido!
27,12/13/2021,10:40:27,Cambio de velocidad exitoso a 30 Hz
26,12/13/2021,10:40:26,Cambio de velocidad fallido!
25,12/13/2021,10:40:26,Cambio de velocidad exitoso a 30 Hz
24,12/13/2021,10:40:26,Cambio de velocidad fallido!
23,12/13/2021,10:40:26,Cambio de velocidad exitoso a 30 Hz
22,12/13/2021,10:40:26,Cambio de velocidad fallido!
21,12/13/2021,10:40:26,Cambio de velocidad exitoso a 30 Hz
20,12/13/2021,10:40:26,Cambio de velocidad fallido!
19,12/13/2021,10:40:26,Cambio de velocidad exitoso a 30 Hz
18,12/13/2021,10:40:26,Cambio de velocidad fallido!
17,12/13/2021,10:40:26,Cambio de velocidad exitoso a 30 Hz
16,12/13/2021,10:40:26,Cambio de velocidad fallido!
15,12/13/2021,10:40:26,Cambio de velocidad exitoso a 30 Hz
14,12/13/2021,10:40:25,Cambio de velocidad exitoso a 30 Hz
13,12/13/2021,10:40:25,Cambio de velocidad fallido!
12,12/13/2021,10:40:25,Cambio de velocidad exitoso a 30 Hz
11,12/13/2021,10:40:25,Cambio de velocidad fallido!
10,12/13/2021,10:40:25,Cambio de velocidad exitoso a 30 Hz
9,12/13/2021,10:40:11,Admin Loged
8,12/13/2021,10:39:51,Modo de control: Local
7,12/13/2021,10:39:50,Cambio de referencia remota a 30 Hz
6,12/13/2021,10:39:49,Modo de control: Remoto
5,12/13/2021,10:39:48,Referencia  por entrada analógica fuera de límites
4,12/13/2021,10:39:48,Referencia  por entrada analógica fuera de límites
3,12/13/2021,10:39:47,Referencia  por entrada analógica fuera de límites
2,12/13/2021,10:12:22,Cambio de referencia remota a 0 Hz
1,12/13/2021,10:10:26,Cambio de referencia remota a 0 Hz
0,12/13/2021,10:6:29,Cambio de referencia remota a 0 Hz

